artistName,n_listens,spotify_id,genres,spotify_artist_name,n_followers,popularity
((( O ))),1,5rBFU1rhgs1nNghopuj9k8,"['alternative r&b', 'experimental hip hop', 'indie r&b', 'indie soul']",((( O ))),37164.0,60.0
(dc),1,711MCceyCBcFnzjGY4Q7Un,"['album rock', 'australian rock', 'hard rock', 'rock']",AC/DC,16426453.0,86.0
21 Savage,22,1URnnhqYAYcrqrcwql10ft,"['atl hip hop', 'rap', 'trap']",21 Savage,8597519.0,92.0
2Pac,49,1ZwdS5xdxEREPySFridCfh,"['g funk', 'gangster rap', 'hip hop', 'rap', 'west coast rap']",2Pac,9122057.0,83.0
50 Cent,1,3q7HBObVc0L8jNeTe5Gofh,"['east coast hip hop', 'gangster rap', 'hip hop', 'pop rap', 'queens hip hop', 'rap']",50 Cent,6378038.0,87.0
88rising,1,1AhjOkOLkbHUfcHDSErXQs,"['asian american hip hop', 'pop']",88rising,573390.0,75.0
@Peace,1,5lmSBamD6zMcpHPqPpwmwN,['piano cover'],Disney Peaceful Piano,36255.0,64.0
A Band Called Success,1,3YoOCNIgj8b0TKPQhRTXQJ,[],A Band Called Success,1653.0,26.0
A Tribe Called Quest,10,09hVIj6vWgoCDtT03h8ZCa,"['alternative hip hop', 'conscious hip hop', 'east coast hip hop', 'gangster rap', 'hardcore hip hop', 'hip hop', 'jazz rap', 'queens hip hop', 'rap']",A Tribe Called Quest,1299990.0,71.0
A$AP Ferg,4,5dHt1vcEm9qb8fCyLcB3HL,"['hip hop', 'pop rap', 'rap', 'southern hip hop', 'trap', 'underground hip hop']",A$AP Ferg,2659116.0,80.0
A$AP Rocky,6,13ubrt8QOOCPljQ2FL1Kca,"['east coast hip hop', 'hip hop', 'pop rap', 'rap', 'southern hip hop', 'trap']",A$AP Rocky,7992687.0,86.0
A2,1,4JG2Uz00XKYdOZmvcLwrUH,[],A2M,11721.0,52.0
ADOY,7,64sY7LsUjNE3ifONkftTXC,"['k-indie', 'korean city pop', 'korean indie rock', 'thai indie rock']",ADOY,42722.0,47.0
ASTR,3,3AVfmawzu83sp94QW7CEGm,"['dance pop', 'electropop', 'norwegian pop', 'pop', 'post-teen pop', 'swedish pop', 'tropical house', 'uk pop']",Astrid S,673879.0,76.0
AUGUST 08,1,2iB8eFB6flwQculkUrRssi,"['la pop', 'r&b']",AUGUST 08,23146.0,64.0
Aaron London,2,3kEmqqFSkvMyrCMMV8imGe,[],Aaron London,2425.0,25.0
Aaron Taylor,3,1evO4fwLsEkkPGq32dCix7,"['alternative r&b', 'funk', 'indie jazz', 'indie r&b', 'indie soul', 'neo r&b', 'soul', 'uk contemporary r&b']",Aaron Taylor,38153.0,52.0
AbJo,1,5b4KglrP9tl3JXiuYSRcRW,['abstract beats'],AbJo,8905.0,29.0
AcetheSpade,1,3NQn54flxJ2nkZ8BtwF5AA,[],AcetheSpade,8201.0,25.0
Action Bronson,1,7BMccF0hQFBpP6417k1OtQ,"['alternative hip hop', 'east coast hip hop', 'escape room', 'hip hop', 'nyc rap', 'queens hip hop', 'rap', 'southern hip hop', 'underground hip hop']",Action Bronson,584779.0,70.0
Ady Suleiman,1,5LuLeXlnT2jFxbx7Cg7j88,"['indie soul', 'uk contemporary r&b']",Ady Suleiman,76377.0,56.0
Ain't No Love,4,5ByQxGnkZixBK4xEcAW7Eh,[],Ain't No Love,980.0,17.0
Alexcis,1,2tDA2vvMMRpi5GZL0hzqqj,[],Alexcis,1662.0,43.0
Alextbh,1,0kXDB5aeESWj5BD9TCLkMu,"['alternative r&b', 'chill r&b', 'indie r&b', 'malaysian indie']",Alextbh,57699.0,52.0
Alina Baraz,3,6hfwwpXqZPRC9CsKI7qtv1,"['alternative r&b', 'electropop', 'etherpop', 'pop']",Alina Baraz,762881.0,74.0
Aloe Blacc,3,0id62QV2SZZfvBn9xpmuCl,"['pop soul', 'r&b']",Aloe Blacc,601211.0,75.0
Altin Gün,53,37PL04N8kBWWW69jdrMMWT,"['dutch indie', 'turkish psych']",Altin Gün,97590.0,50.0
AlunaGeorge,1,2VAnyOxzJuSAj7XIuEOT38,"['electropop', 'house', 'pop', 'tropical house']",AlunaGeorge,396743.0,70.0
Ambassadeurs,1,6BKSRVMfQ6Aeux4rKG1h9H,['vapor twitch'],Ambassadeurs,12838.0,41.0
Amerie,1,08rMCq2ek1YjdDBsCPVH2s,"['alternative r&b', 'dance pop', 'hip hop', 'hip pop', 'neo soul', 'pop r&b', 'pop rap', 'r&b', 'urban contemporary']",Amerie,572466.0,58.0
Amy Winehouse,9,6Q192DXotxtaysaqNPy5yR,"['british soul', 'neo soul']",Amy Winehouse,6660539.0,79.0
Anderson .Paak,16,3jK9MiCrA42lLAdMGUZpwa,['escape room'],Anderson .Paak,1591519.0,80.0
Andy Mineo,1,1TMrnxBwZfmfRxsGzkNIHw,"['christian hip hop', 'christian trap']",Andy Mineo,430644.0,66.0
Anik Khan,1,23bSD5t38m4d6k8jtlZGDa,['desi hip hop'],Anik Khan,20369.0,37.0
Anti-Lilly & Phoniks,2,71MaDLIywcEKpXNGCnUlBe,[],Anti Lilly & Phoniks,747.0,41.0
Antonín Dvořák,1,6n7nd5iceYpXVwcx8VPpxF,"['classical', 'czech classical', 'late romantic era']",Antonín Dvořák,361971.0,63.0
Antônio Carlos Jobim,2,3pO5VjZ4wOHCMBXOvbMISG,"['adult standards', 'bossa nova', 'brazilian classical', 'brazilian jazz', 'latin classical', 'mpb', 'violao']",Antônio Carlos Jobim,408369.0,71.0
Anushka,2,4K4N32uNO1VRSY4hB7v8kg,"['filmi', 'modern bollywood']",Anushka Manchanda,42611.0,50.0
Apollo Brown,1,151BUVKmiB9rHDjIkgbeVE,"['alternative hip hop', 'boom bap', 'hip hop']",Apollo Brown,97656.0,55.0
Ari Lennox,2,1vaQ6v3pOFxAIrFoPrAcom,"['alternative r&b', 'dmv rap', 'indie r&b', 'indie soul', 'neo soul', 'pop', 'r&b', 'urban contemporary']",Ari Lennox,347282.0,71.0
Ariana Grande,22,66CXWjxzNUsdJxJ2JdwvnR,"['dance pop', 'pop', 'post-teen pop']",Ariana Grande,51380170.0,93.0
Arizona Zervas,1,0vRvGUQVUjytro0xpb26bs,"['pop rap', 'rap', 'rhode island rap']",Arizona Zervas,506500.0,80.0
Ark Patrol,1,3zaxUd86U92CdZkNa6NUo9,"['future bass', 'vapor soul', 'vapor twitch']",Ark Patrol,41885.0,56.0
Art Of Fresh,2,2RDvTWf6y497oW4stJT5qg,[],Art Of Fresh,657.0,7.0
Asheru Featuring Talib Kweli,1,3zQw7SEZBCxIHPALFZLsU6,[],Asheru Featuring Talib Kweli,412.0,24.0
Astrud Gilberto,1,5rX2c1zow6hCph8PnnU3kF,"['adult standards', 'bossa nova', 'brazilian jazz', 'lounge', 'samba-jazz', 'vocal jazz']",Astrud Gilberto,139074.0,65.0
Atlas Bound,2,6107PIkQDuEUcdpZqSzQsu,['vapor soul'],Atlas Bound,28838.0,42.0
Atmosphere,2,1GAS0rb4L8VTPvizAx2O9J,"['alternative hip hop', 'conscious hip hop', 'minnesota hip hop', 'pop rap']",Atmosphere,548568.0,64.0
Audrey,3,3JDG63cSaK3xgDnB2H55Xp,"['pop', 'social media pop']",Audrey Mika,149622.0,66.0
August Greene,11,7KIFh8WDiqlz1Dlopd03cy,"['jazz rap', 'neo r&b']",August Greene,20479.0,33.0
Awkward Satellite,3,,,,,
Awon,1,2M9OIHcdVSxhPVCYQ3z5Rf,['jazz rap'],Awon,18751.0,51.0
B.J. Thomas,1,0uUNzXylqsZdmFDwdxaP1V,"['adult standards', 'brill building pop', 'bubblegum pop', 'classic country pop', 'folk', 'folk rock', 'mellow gold', 'soft rock']",B.J. Thomas,121543.0,55.0
BADBADNOTGOOD,1,65dGLGjkw3UbddUg2GKQoZ,"['alternative hip hop', 'canadian modern jazz', 'escape room', 'indie soul']",BADBADNOTGOOD,451730.0,64.0
BJ The Chicago Kid,5,07d5etnpjriczFBB8pxmRe,"['alternative r&b', 'chicago rap', 'hip hop', 'neo soul', 'rap', 'southern hip hop', 'underground hip hop']",BJ The Chicago Kid,314474.0,69.0
BTS,5,3Nrfpe0tUJi4K4DXYWgMUX,"['k-pop', 'k-pop boy group']",BTS,23709891.0,97.0
Baby Keem,1,5SXuuuRpukkTvsLuUknva1,"['hip hop', 'rap', 'trap', 'underground hip hop', 'vapor trap']",Baby Keem,149619.0,73.0
Bad Bunny,9,4q3ewBCX7sLwd24euuV69X,"['latin', 'reggaeton', 'trap latino']",Bad Bunny,25387979.0,97.0
Bahamadia,1,6ZcRUVs3I5U8EOnm9ZdCsO,"['hardcore hip hop', 'hip hop', 'philly rap']",Bahamadia,31532.0,47.0
Bambu,1,0iPS5GpwbHSmgNXfGE674K,['political hip hop'],Bambu,14902.0,37.0
Baro Sura,1,79EKbkmOJ9lJwnhTBOqOlV,[],Baro Sura,2647.0,35.0
Bas,1,7EQ0qTo7fWT7DPxmxtSYEc,"['metropopolis', 'modern rock', 'pop', 'pop rock']",Bastille,4482794.0,81.0
Bazzi,1,4GvEc3ANtPPjt1ZJllr5Zl,"['pop', 'post-teen pop']",Bazzi,3740686.0,83.0
Beach Fossils,1,1bwUhKRmEkOZ1wuTnV9XjC,"['brooklyn indie', 'chillwave', 'indie garage rock', 'indie pop', 'indie rock', 'indie surf', 'nu gaze', 'popgaze', 'shoegaze']",Beach Fossils,367419.0,63.0
Bearcubs,2,5iPtkyoEOCILhwFgl2a2d3,"['alternative r&b', 'future garage', 'indie soul', 'vapor soul', 'vapor twitch']",Bearcubs,28502.0,52.0
Bearface,1,7yjWDiLDpsHxobHP1fWYh8,[],Bearface,15812.0,42.0
Beat Connection,6,64xvudklMEbVYMBocLyHSn,"['chillwave', 'shimmer pop']",Beat Connection,24714.0,38.0
Bebe Rexha,1,64M6ah0SkkRsnPGtGiRAbb,"['dance pop', 'electropop', 'pop', 'post-teen pop']",Bebe Rexha,5660366.0,84.0
Beenzino,11,7IrDIIq3j04exsiF3Z7CPg,"['k-indie', 'k-rap', 'korean pop', 'korean r&b']",Beenzino,89416.0,50.0
Benny Sings,1,4gHcu2JoaXJ0mV4aNPCd7N,"['dutch pop', 'indie jazz', 'indie soul']",Benny Sings,64734.0,67.0
Berhana,4,0WjtdWS6su0f3jrW9aqEHl,"['alternative r&b', 'chill r&b', 'indie r&b', 'indie soul']",Berhana,161271.0,59.0
Beyoncé,1,6vWDO969PvNqNYHIOW5v0m,"['dance pop', 'pop', 'r&b']",Beyoncé,24646514.0,89.0
Bibio,15,0qzzGu8qpbXYpzgV52wOFT,"['ambient folk', 'chillwave', 'downtempo', 'electronica', 'folktronica', 'indie soul']",Bibio,189239.0,62.0
Big Boi,1,2ht3wxeT69CzyKFChNnNAB,"['atl hip hop', 'dirty south rap', 'hip hop', 'pop rap', 'southern hip hop']",Big Boi,308083.0,61.0
Big Grams,1,4jU68Hm8np6WNZXMqi7rz3,['escape room'],Big Grams,60083.0,40.0
Big Sean,14,0c173mlxpT3dSFRgMO8XPh,"['detroit hip hop', 'hip hop', 'pop rap', 'rap', 'southern hip hop', 'trap']",Big Sean,7764357.0,87.0
Bill Withers,1,1ThoqLcyIYvZn7iWbj8fsj,"['funk', 'motown', 'quiet storm', 'soul']",Bill Withers,973650.0,74.0
Billie Eilish,1,6qqNVTkY8uBg9cP3Jd7DAH,"['electropop', 'pop']",Billie Eilish,33613569.0,93.0
Billy Davis,1,090k1Fxa70NDQvkXmQBUfW,[],Billy Davis Jr.,266.0,36.0
Billy Joel,3,6zFYqv1mOsgBRQbae3JJ9e,"['album rock', 'classic rock', 'folk rock', 'mellow gold', 'piano rock', 'rock', 'singer-songwriter', 'soft rock']",Billy Joel,2974099.0,80.0
Billy Lemos,1,7ebBg3BuRFa2satTcY8whC,"['alternative r&b', 'bedroom pop', 'indie r&b']",Billy Lemos,28389.0,55.0
Blackalicious,14,42Np3r8zXnaKcjLQsQSjyG,"['alternative hip hop', 'hip hop', 'turntablism']",Blackalicious,132722.0,52.0
Blanco,1,5CiGnKThu5ctn9pBxv7DGa,"['pop', 'pop rap']",benny blanco,637733.0,77.0
Blazo,9,089rQ02K5KBRF0XRYcQ9LX,"['ambeat', 'chillhop']",Blazo,26293.0,44.0
BlocBoy JB,1,4TEJudQY2pXxVHPE3gD2EU,"['pop rap', 'rap', 'southern hip hop', 'tennessee hip hop', 'trap', 'vapor trap']",BlocBoy JB,1168715.0,70.0
Blood Orange,1,6LEeAFiJF8OuPx747e1wxR,"['alternative r&b', 'art pop', 'chillwave', 'electropop', 'escape room', 'indie soul', 'metropopolis']",Blood Orange,526167.0,68.0
Blu Cantrell,2,6vytZ677lz4LzCrUDcDokM,"['hip pop', 'r&b', 'urban contemporary']",Blu Cantrell,141431.0,58.0
Blue In Green,7,6tkPtKgggRAndEQc47Epms,[],Blue In Green,8908.0,40.0
Bluestaeb,4,67pW04a6jpdQR2yWqjcfxs,"['chillhop', 'jazz boom bap']",Bluestaeb,14077.0,47.0
BoA,1,2VAvhf61GgLYmC6C8anyX1,"['ambient', 'electronica', 'intelligent dance music', 'microhouse', 'scottish electronic', 'trip hop']",Boards of Canada,401368.0,61.0
Bohan Phoenix,2,18YneNJbsTdMUWiKQDiD9P,"['asian american hip hop', 'chinese hip hop']",Bohan Phoenix,11431.0,40.0
Bones & Beeker,1,2eUgwyMobMitdjib3FxQVF,[],Bones & Beeker,3138.0,30.0
Bonobo,7,0cmWgDlu9CwTgxPhf403hb,"['downtempo', 'electronica', 'jazztronica', 'ninja', 'nu jazz', 'trip hop']",Bonobo,1066139.0,69.0
Boogie,1,31W5EY0aAly4Qieq6OFu6I,"['melodic rap', 'pop rap', 'rap']",A Boogie Wit da Hoodie,5099496.0,88.0
Brasstracks,1,5sKvgmG84C0bIMWeS2SRPr,"['alternative r&b', 'indie r&b', 'indie soul', 'nyc pop']",Brasstracks,73549.0,59.0
Breakbot,8,0iui2Be5CP8EWxvHYsVspL,"['alternative dance', 'disco house', 'filter house', 'new french touch', 'nu disco']",Breakbot,350226.0,64.0
Bromance,1,1JPK991egQgH00lkHTvUK2,[],Aspekt Bromance Gang,50.0,18.0
Bruno Mars,2,0du5cEVh5yTK9QJze8zA0C,"['dance pop', 'pop', 'post-teen pop']",Bruno Mars,26996995.0,89.0
C.L. Smooth,1,3fJ60AcIgLzQkVitEvA7uq,"['alternative hip hop', 'east coast hip hop', 'gangster rap', 'hardcore hip hop', 'hip hop', 'jazz rap', 'rap', 'turntablism']",Pete Rock & C.L. Smooth,178967.0,52.0
CHINAH,1,1GVgZYVXollElCpn7FCHaV,['danish electropop'],CHINAH,21208.0,40.0
Calvin Harris,58,7CajNmpbOovFoOoasH2HaY,"['dance pop', 'edm', 'electro house', 'house', 'pop', 'progressive house', 'uk dance']",Calvin Harris,20705250.0,89.0
Cam O'bi,2,4jqFe1fd5uul2XSSxsRvbZ,[],Cam O'bi,9346.0,58.0
Camille Saint-Saëns,1,436sYg6CZhNefQJogaXeK0,"['classical', 'french romanticism', 'late romantic era']",Camille Saint-Saëns,236065.0,66.0
Cardi B,2,4kYSro6naA4h99UJvo89HB,"['pop', 'pop rap', 'rap']",Cardi B,12832060.0,93.0
Caroline Polachek,23,4Ge8xMJNwt6EEXOzVXju9a,"['art pop', 'dance pop', 'electropop', 'escape room', 'hyperpop', 'indietronica']",Caroline Polachek,86784.0,61.0
Caroline Smith,5,47blM5Op3BJODxUJImwdYE,"['minneapolis indie', 'stomp and holler']",Caroline Smith,16005.0,47.0
Cashmere Cat,6,2LZDXcxJWgsJfKXZv9a5eG,"['dance pop', 'downtempo', 'pop', 'post-teen pop', 'shiver pop']",Cashmere Cat,303707.0,63.0
Catching Flies,2,4zAOqBfNLyWFvj1e3yvypJ,"['downtempo', 'electronica', 'indie dream pop', 'indie soul', 'new french touch', 'vapor soul', 'vapor twitch']",Catching Flies,40377.0,53.0
Chance the Rapper,9,1anyVhU62p31KFi8MEzkbf,"['chicago rap', 'conscious hip hop', 'hip hop', 'pop rap', 'rap']",Chance the Rapper,5014223.0,87.0
Chaos In The CBD,2,0QOQc6jEsPX5Y45TV0hXQy,"['bass music', 'deep house', 'electronica', 'float house', 'future garage', 'indie soul', 'nz electronic']",Chaos In The CBD,44571.0,51.0
Charles Bradley,1,462T0buQ5ScBUQCRpodDRf,"['funk', 'soul']",Charles Bradley,353118.0,60.0
Charli XCX,2,25uiPmTg16RbhZWAqwLBy5,"['art pop', 'candy pop', 'dance pop', 'electropop', 'escape room', 'metropopolis', 'pop', 'post-teen pop', 'uk pop']",Charli XCX,2127620.0,77.0
Charlie Heat,1,0bbguzUos4LO6NikkdXdzw,['new jersey rap'],Charlie Heat,17970.0,56.0
Charlie Puth,19,6VuMaDnrHyPL1p4EHjYLi7,"['dance pop', 'pop', 'post-teen pop', 'viral pop']",Charlie Puth,11511831.0,84.0
Cheldon McQueen,1,6nVtSQIMZJmvUbyAhdjgjx,[],Cheldon McQueen,1505.0,21.0
Chelsea Reject,1,5AUGML8ZDASEfiwqJS5gZv,[],Chelsea Reject,4931.0,28.0
Chico Mann,7,2Wt6Q6ZHygCPVtMO3uxLGB,"['latin afrobeat', 'latintronica']",Chico Mann,5880.0,36.0
Childish Gambino,45,73sIBHcqh3Z3NyqHKZ7FOL,"['atl hip hop', 'hip hop', 'pop rap', 'rap']",Childish Gambino,6982713.0,82.0
Christian Rich,1,7cAlvWK5rgMmJ37j7woN8l,['alternative r&b'],Christian Rich,14078.0,55.0
Chrome Sparks,1,2pTCZ9C1fXdaVlv6d5EIXM,"['chillwave', 'shimmer psych', 'vapor soul', 'vapor twitch']",Chrome Sparks,108586.0,55.0
Ciscero,1,5oSCIcpPdrO3UhTMATxkYL,['dmv rap'],Ciscero,12145.0,50.0
Clams Casino,1,5vSQUyT33qxr1xAX2Tkf3A,"['chillwave', 'experimental hip hop', 'psychedelic hip hop', 'underground hip hop', 'vapor twitch', 'witch house']",Clams Casino,164302.0,66.0
Claude Debussy,2,1Uff91EOsvd99rtAupatMP,"['classical', 'impressionism', 'post-romantic era']",Claude Debussy,1013642.0,72.0
Clean Bandit,29,6MDME20pz9RveH9rEXvrOM,"['dance pop', 'edm', 'pop', 'post-teen pop', 'tropical house', 'uk dance', 'uk funky']",Clean Bandit,4007939.0,82.0
Cleopold,2,2BeARYDF52QQk5S2zgiVHe,[],Cleopold,8178.0,40.0
Clipse,1,2J257euzcjnDLipsyJH3F2,"['alternative hip hop', 'gangster rap', 'hardcore hip hop', 'hip hop', 'pop rap', 'rap', 'southern hip hop', 'trap', 'virginia hip hop']",Clipse,234753.0,57.0
Cloud,7,3S1Kdh8aXPKVbs1dZnrRST,[],cloudcrush,119.0,60.0
Cody G,1,26HkLAAIMh5qOFet57d1rg,[],Cody G,7052.0,46.0
Cody Lovaas,1,7fWrZ2q4fGZAnuCPfgSU52,['la pop'],Cody Lovaas,15004.0,48.0
Cold Callers,2,4kea10qfngnISrreon00lH,['psychedelic hip hop'],Cold Callers,3365.0,35.0
Coldplay,3,4gzpq5DPGxSnKTe4SA8HAU,"['permanent wave', 'pop']",Coldplay,27356131.0,89.0
Cole King,1,7v4imS0moSyGdXyLgVTIV7,"['adult standards', 'vocal jazz']",Nat King Cole,1417862.0,71.0
Colossus,1,5gYimn2wODaiKOTFJlzVnn,['dark trap'],Warlord Colossus,8751.0,51.0
Common,19,2GHclqNVjqGuiE5mA7BEoc,"['alternative hip hop', 'chicago rap', 'conscious hip hop', 'gangster rap', 'hardcore hip hop', 'hip hop', 'neo soul', 'political hip hop', 'rap', 'southern hip hop']",Common,653931.0,68.0
Consequence,7,5KkgZ31b9eDwkvo9oMIrSm,"['nyc rap', 'queens hip hop']",Consequence,12784.0,50.0
Cookin Soul,1,06s35sbFfZJUEwFjAaZfiW,['trap latino'],Cookin Soul,55850.0,59.0
Cool Calm Pete,6,6g9zudwUPL5IwY8sbEzN9C,['jazz rap'],Cool Calm Pete,8287.0,30.0
Cool Company,1,6lOCVUQbb9wzuZQbZQV9zn,"['alternative r&b', 'indie r&b', 'indie soul', 'vapor soul']",Cool Company,20135.0,51.0
Coolio,3,3y24n3XhZ96wgwRXjvS17T,"['g funk', 'gangster rap', 'hip hop', 'rap', 'west coast rap']",Coolio,404285.0,70.0
CoryaYo,1,3xqrRhBSgCer7lokC0Lhk4,['chillhop'],CoryaYo,11232.0,54.0
Cosmo's Midnight,1,4VivsO1n4n2Mi2Btyb5gfL,"['australian dance', 'australian hip hop', 'australian indie', 'australian pop', 'indie dream pop', 'indie soul', 'vapor soul']",Cosmo's Midnight,92920.0,63.0
Cru,1,0cc6vw3VN8YlIcvr1v7tBL,"['album rock', 'glam metal', 'hard rock', 'metal', 'rock', 'sleaze rock']",Mötley Crüe,2819341.0,75.0
Crush,1,6aLdhHUqgdKE86xbtNmY8g,"['k-pop', 'korean r&b']",Crush,662186.0,71.0
Cupidon,1,1qz3nYVQit24tcOsCOdCvb,[],Cupidon,1496.0,30.0
D'Angelo,1,1kt1G7W0AKiVm4RWF65wYW,[],Nuccio D’Angelo,11.0,0.0
DADARAY,18,5YVpCleE4Ysa6YRa66nzIN,['j-pixie'],DADARAY,38703.0,42.0
DAOKO×米津玄師,2,5Qeyh2XKoITt1mlEVtzazC,"['anime score', 'j-pixie', 'japanese electropop']",DAOKO,231354.0,63.0
DEAN,6,3QSQFmccmX81fWCUSPTS7y,"['australian pop', 'pop']",Dean Lewis,1295497.0,80.0
DECAP,1,67ZMMtA88DDO0gTuRrzGjn,"['brutal death metal', 'death metal', 'deathgrind', 'goregrind', 'grindcore', 'technical death metal', 'technical grindcore']",Cattle Decapitation,121658.0,50.0
DJ Cam Quartet,5,0DkOD427BCfr11yQVvfqU9,"['jazz quartet', 'nu jazz']",DJ Cam Quartet,19540.0,44.0
"DJ Che' ""Don't Play""",3,,,,,
DJ Day,4,64nlNvqVtLkdY4x8Hhvq6T,[],DJ Day,6597.0,37.0
DJ Grumble,2,2oJgWr3LkpO9g9NyL8hiOJ,"['chillhop', 'jazz boom bap']",DJ Grumble,9651.0,43.0
DJ Honda,1,7mrvU3OShTgthJV80o2day,"['hardcore hip hop', 'turntablism']",dj honda,9855.0,38.0
DJ Khaled,4,0QHgL1lAIqAw0HtD7YldmP,"['dance pop', 'hip hop', 'miami hip hop', 'pop', 'pop rap', 'rap', 'southern hip hop', 'trap']",DJ Khaled,5167490.0,87.0
DJ Snake,4,540vIaP2JwjQb9dm3aArA4,"['dance pop', 'edm', 'electro house', 'electronic trap', 'pop', 'pop rap']",DJ Snake,7055699.0,83.0
DNCE,1,6T5tfhQCknKG4UnH90qGnz,"['dance pop', 'pop', 'pop rock', 'post-teen pop']",DNCE,3418527.0,72.0
DRAM,1,5M0lbkGluOPXLeFjApw8r8,"['pop rap', 'rap', 'trap', 'virginia hip hop']",Shelley FKA DRAM,788612.0,67.0
Daft Punk,9,4tZwfgrHOc3mvqYlEYSvVi,"['electro', 'filter house']",Daft Punk,6765298.0,83.0
Dag Savage,2,3Q0Xvl8alOCwCUEvNW9bwR,[],Dag Savage,6002.0,34.0
Damian Marley,6,3QJzdZJYIAcoET1GcfpNGi,"['reggae', 'reggae fusion']",Damian Marley,1123707.0,70.0
Daniel Caesar,11,20wkVLutqVOYrc0kxFs7rA,"['canadian contemporary r&b', 'pop']",Daniel Caesar,2200127.0,80.0
Danney Alkana,1,6mV67UGaIBL0JsistRXZXK,[],Danney Alkana,223.0,6.0
Danny Watts,2,1UOotZGEOa7Jk3x2PEmhSz,[],Danny Watts,9922.0,31.0
Darondo,3,4JfFdF9Row7UXtdsKtT6tc,"['afrobeat', 'classic soul', 'funk', 'indie soul', 'soul']",Darondo,66368.0,57.0
Darryl Reeves,2,5Bf7K3Mw4k2yjglOAFjvyi,[],Darryl Reeves,4176.0,19.0
Daryl Hall & John Oates,1,77tT1kLj6mCWtFNqiOmP9H,"['album rock', 'classic rock', 'folk rock', 'mellow gold', 'rock', 'soft rock', 'yacht rock']",Daryl Hall & John Oates,1319685.0,76.0
Day Fly,9,2CICny47Mu3LqSCe1eu4g0,"['neo r&b', 'uk alternative pop']",Day Fly,3657.0,25.0
De La Soul,3,1Z8ODXyhEBi3WynYw0Rya6,"['alternative hip hop', 'east coast hip hop', 'hardcore hip hop', 'hip hop', 'jazz rap', 'rap']",De La Soul,575211.0,64.0
Dead Prez,1,2UBt0GWBuPVXlPisRvWzlD,"['alternative hip hop', 'conscious hip hop', 'east coast hip hop', 'hardcore hip hop', 'hip hop', 'political hip hop']",Dead Prez,116543.0,54.0
Deb Never,1,55EarwWraRQY9diMo9Oeul,"['indie r&b', 'modern indie pop']",Deb Never,36269.0,49.0
Deca,3,3HrbmsYpKjWH1lzhad7alj,"['argentine rock', 'cuarteto', 'latin alternative', 'latin rock', 'rock en espanol', 'ska argentino']",Los Auténticos Decadentes,1217154.0,72.0
Declaime,1,0IWhrIU65vvKiggTlWKDZw,['alternative hip hop'],Declaime,8365.0,35.0
Dela,9,3fuxStOqQv8TiytHeuGiE8,"['canadian electropop', 'electropop', 'indie electropop']",Delaney Jane,31423.0,63.0
Depeche Mode,30,762310PdDnwsDxAQxzQkfX,"['dance rock', 'new romantic', 'new wave', 'permanent wave', 'synthpop']",Depeche Mode,3372169.0,77.0
Diddy,2,59wfkuBoNyhDMQGCljbUbA,"['dance pop', 'east coast hip hop', 'hip hop', 'hip pop', 'pop rap', 'r&b', 'rap']",Diddy,1015579.0,77.0
Dijon,1,0knGpCTbmG4ctl1wzYRZs4,"['alternative r&b', 'bedroom soul', 'indie r&b']",Dijon,120927.0,63.0
Dirty Art Club,2,2DcAdoxP41GECOfZt2MhQL,"['charlotte nc indie', 'chillhop', 'wonky']",Dirty Art Club,30957.0,49.0
Disclosure,4,6nS5roXSAGhTGr34W6n7Et,"['house', 'pop', 'uk dance']",Disclosure,1825819.0,82.0
Doja Cat,9,5cj0lLjcoR7YOSnhnX0Po5,"['la indie', 'pop']",Doja Cat,3756583.0,88.0
Domo Genesis,2,6vHBuUxrcpn1do5UaEJ7g6,"['alternative hip hop', 'hip hop', 'rap', 'underground hip hop']",Domo Genesis,217181.0,59.0
Dr Who Dat?,4,3obWUpCkNW2kdL0yDYo6pV,['wonky'],Dr Who Dat?,2524.0,23.0
Dr. Dre,5,6DPYiyq5kWVQS4RGwxzPC7,"['g funk', 'gangster rap', 'hip hop', 'rap', 'west coast rap']",Dr. Dre,5187083.0,82.0
Drake,159,3TVXtAsR1Inumwj472S9r4,"['canadian hip hop', 'canadian pop', 'hip hop', 'pop rap', 'rap', 'toronto rap']",Drake,50023742.0,100.0
Dre'es,1,4pc5r183mYvIzGyFv2S0hO,['bedroom soul'],Dre'es,21188.0,54.0
Dua Lipa,4,6M2wZ9GZgrQXHCFfjv46we,"['dance pop', 'pop', 'uk pop']",Dua Lipa,19965196.0,93.0
Dumbfoundead,1,7LTShHcq1KdTrWeLvWoYed,"['asian american hip hop', 'battle rap', 'k-rap']",Dumbfoundead,115980.0,53.0
EARTHGANG,1,5MbNzCW3qokGyoo9giHA3V,"['atl hip hop', 'hip hop', 'psychedelic hip hop', 'rap', 'underground hip hop']",EARTHGANG,481450.0,75.0
ERIMAJ,1,47zB8HowGfion9FkA4xLYo,[],ERIMAJ,3008.0,20.0
ESTA.,6,41SQP16hv1TioVYqdckmxT,"['chillwave', 'freak folk', 'indie pop', 'indie rock', 'lo-fi', 'new jersey indie', 'noise pop', 'nu gaze', 'shimmer pop']",Real Estate,341458.0,59.0
Earl Sweatshirt,1,3A5tHz1SfngyOZM2gItYKu,"['alternative hip hop', 'escape room', 'experimental hip hop', 'hip hop', 'rap', 'underground hip hop']",Earl Sweatshirt,1292147.0,71.0
Echo Park,5,1gySMfXhI95Tgfr6YYwV5B,[],Echo Park,731.0,27.0
Ed Sheeran,2,6eUKZXaKkcviH0Ku9w2n3V,"['pop', 'uk pop']",Ed Sheeran,70676911.0,93.0
Edvard Grieg,2,5ihY290YPGc3aY2xTyx7Gy,"['classical', 'late romantic era', 'norwegian classical']",Edvard Grieg,352200.0,65.0
Ekali,1,0Y0QSi6lz1bPik5Ffjr8sd,"['canadian electronic', 'edm', 'electro house', 'electronic trap', 'electropop', 'future bass', 'pop', 'pop edm', 'tropical house', 'vapor twitch']",Ekali,118577.0,61.0
Elderbrook,2,2vf4pRsEY6LpL5tKmqWb64,"['deep house', 'house', 'new french touch', 'tropical house']",Elderbrook,160628.0,75.0
Electric Guest,3,7sgWBYtJpblXpJl2lU5WVs,"['alternative dance', 'indie pop', 'indie poptimism', 'indie rock', 'indietronica', 'la indie', 'modern rock', 'shimmer pop', 'vapor soul']",Electric Guest,268476.0,62.0
Electric Mantis,1,4oEju6elvuvjARvor8R9j9,"['future bass', 'vapor twitch']",Electric Mantis,36291.0,47.0
Elements of Music,2,0YKyQPlIlmXOPswGmzMesw,[],Elements of Music,7325.0,39.0
Elliot Moss,1,2xGCGoulmU85qYdpb2Z4xx,[],Elliot Moss,121810.0,53.0
Elton,1,3PhoLpVuITZKcymswpck5b,"['glam rock', 'mellow gold', 'piano rock', 'soft rock']",Elton John,5945562.0,85.0
Elujay,2,1CgbNAF3Stnz1Tpipu3xdO,"['alternative r&b', 'cali rap', 'chill r&b', 'indie r&b']",Elujay,42322.0,51.0
Elzhi,5,6OwOuTjrLVrlMH1nxxIjbT,"['alternative hip hop', 'boom bap', 'detroit hip hop', 'hip hop', 'soul flow', 'underground rap']",Elzhi,51419.0,47.0
Emeli Sandé,1,7sfgqEdoeBTjd8lQsPT3Cy,"['dance pop', 'neo soul', 'pop', 'r&b', 'uk pop']",Emeli Sandé,1934134.0,70.0
Emily King,6,6jlWj6y00bMQt8XoKuCjyZ,"['indie soul', 'neo r&b', 'neo soul', 'nyc pop', 'pop soul', 'r&b', 'soul', 'urban contemporary']",Emily King,137502.0,57.0
Eminem,1,7dGJo4pcD2V6oG8kP0tJRR,"['detroit hip hop', 'hip hop', 'rap']",Eminem,38457530.0,94.0
End of the World,1,0b59cVa1STVENq3i7wkcHV,[],End of the World,25448.0,51.0
Epik High,2,5snNHNlYT2UrtZo5HCJkiw,"['k-indie', 'k-pop', 'k-rap', 'korean pop']",Epik High,390863.0,60.0
Eric Lau,4,68P6JiHWJsv5VqfLPchS1n,"['broken beat', 'indie jazz', 'neo r&b']",Eric Lau,25089.0,41.0
Erykah Badu,2,7IfculRW2WXyzNQ8djX8WX,"['afrofuturism', 'hip hop', 'neo soul', 'r&b', 'soul', 'urban contemporary']",Erykah Badu,1910876.0,70.0
Esperanza Spalding,5,5bepW5vcdRzheNc0F8lHJ5,"['electric bass', 'jazz fusion', 'jazz pop', 'neo soul', 'vocal jazz']",Esperanza Spalding,266826.0,52.0
Evenings,6,4bODnAlydTbem2JAjDX52y,"['chillwave', 'glitch pop']",Evenings,17965.0,38.0
Everything Is Recorded,2,0JYlkNmu76Wu1DgvWNWq7X,"['alternative r&b', 'indie soul']",Everything Is Recorded,29585.0,45.0
Exmag,1,3ubv8WIA649ar6dwEH6ATm,"['funk rock', 'livetronica']",Exmag,16457.0,39.0
FKJ,3,2FwDTncULUnmANIh7qKa5z,"['filter house', 'indie soul']",FKJ,801896.0,73.0
Fashawn,4,6sDyTDjzGxcvyhLn5x9RyY,"['alternative hip hop', 'soul flow']",Fashawn,39622.0,43.0
Fela Kuti,2,5CG9X521RDFWCuAhlo6QoR,"['afrobeat', 'afropop', 'funk', 'soul', 'world']",Fela Kuti,310455.0,55.0
Felix De Luca,1,0cIbmR8yrf1Jlm3XvkM13I,[],Felix De Luca,2087.0,21.0
Fetty Wap,12,6PXS4YHDkKvl1wkIl4V8DL,"['new jersey rap', 'pop rap', 'rap', 'southern hip hop', 'trap']",Fetty Wap,3891030.0,77.0
Flamingosis,1,75cW8FFekyCjj0mfZM1Gfb,"['chillhop', 'future funk']",Flamingosis,111353.0,56.0
Fleetwood Mac,1,08GQAI4eElDnROBrJRGE0X,"['album rock', 'classic rock', 'mellow gold', 'rock', 'soft rock', 'yacht rock']",Fleetwood Mac,5290372.0,87.0
Flight Facilities,1,1lc8mnyGrCLtPhCoWjRxjM,"['alternative dance', 'aussietronica', 'australian dance', 'australian indie', 'indie soul', 'nu disco']",Flight Facilities,356409.0,63.0
Flo Rida,2,0jnsk9HBra6NMjO2oANoPY,"['dance pop', 'miami hip hop', 'pop', 'pop rap']",Flo Rida,7762748.0,82.0
FloFilz,4,39ZQx0618UYVBgGTDOJ2ds,"['chillhop', 'jazz boom bap', 'lo-fi beats']",FloFilz,44040.0,61.0
Flume,5,6nxWCVXbOlEVRexSbLsTer,"['australian dance', 'australian electropop', 'australian indie', 'downtempo', 'edm']",Flume,2073593.0,77.0
Flying Lotus,5,29XOeO6KIWxGthejQqn793,"['afrofuturism', 'alternative hip hop', 'chillwave', 'electronica', 'escape room', 'experimental hip hop', 'glitch', 'glitch hop', 'hip hop', 'intelligent dance music', 'jazztronica', 'psychedelic hip hop', 'wonky']",Flying Lotus,567979.0,61.0
Forrest.,1,6chWbUfdu6ibyaCXM1w8kQ,['pop'],Forrest.,89941.0,63.0
Francis and the Lights,1,23EA28263XvtIrXuySX6oI,['alternative r&b'],Francis and the Lights,130153.0,59.0
Frank Ocean,11,2h93pZq0e7k5yf4dywlkpM,"['alternative r&b', 'hip hop', 'lgbtq+ hip hop', 'neo soul', 'pop']",Frank Ocean,6499233.0,86.0
Franz Liszt,1,1385hLNbrnbCJGokfH2ac2,"['classical', 'late romantic era']",Franz Liszt,496486.0,66.0
Franz Schubert,3,2p0UyoPfYfI76PCStuXfOP,"['classical', 'classical era', 'early romantic era']",Franz Schubert,738686.0,67.0
Freddie Joachim,2,0GgkfnO3Bu2CFn65ZH31TF,"['ambeat', 'chillhop', 'jazz boom bap']",Freddie Joachim,39659.0,51.0
Frederick Delius,2,65YhYi4Fz5Ibgq7ueev2Rm,"['classical', 'early modern classical', 'impressionism', 'post-romantic era']",Frederick Delius,15190.0,48.0
Free Nationals,3,4596e2d3KmYzAeVenjCxfj,"['alternative r&b', 'indie soul']",Free Nationals,106381.0,62.0
Free n Losh,1,7DY8ywDjWdmToTbrrhLIWN,['vapor soul'],Free n Losh,5630.0,42.0
French Montana,2,6vXTefBL93Dj5IqAWq6OTv,"['hip hop', 'pop rap', 'rap', 'southern hip hop', 'trap']",French Montana,3655094.0,82.0
Frédéric Chopin,10,7y97mc3bZRFXzT2szRM4L4,"['classical', 'early romantic era', 'polish classical']",Frédéric Chopin,2149529.0,77.0
Full Crate,1,0JeTRYMH7FoBiMcLXg1n8g,"['alternative r&b', 'chill r&b', 'dutch pop', 'dutch r&b', 'indie r&b', 'indie soul']",Full Crate,20450.0,53.0
Future,3,1RyvyyTE3xzB2ZywiAwp0i,"['atl hip hop', 'pop rap', 'rap', 'southern hip hop', 'trap']",Future,9322995.0,91.0
G Perico,1,4Q2hTDZYFCohf17D5GvkIb,"['cali rap', 'west coast trap']",G Perico,53985.0,54.0
Gabriel Fauré,2,2gClsBep1tt1rv1CN210SO,"['classical', 'post-romantic era']",Gabriel Fauré,142705.0,63.0
Gabriel Garzón-Montano,2,1R4GxRuSVTPSb6oy56SPST,"['alternative r&b', 'indie jazz', 'indie r&b', 'indie soul', 'neo r&b']",Gabriel Garzón-Montano,68156.0,54.0
Galimatias,3,0tOrKkXIn3VYyVHFEPG6Xd,"['chillstep', 'future bass', 'vapor twitch']",Galimatias,104703.0,64.0
Gallant,4,7wFDo161xYdeaiLz3KIHoM,['alternative r&b'],Gallant,256645.0,63.0
Gary Clark Jr.,6,01aC2ikO4Xgb2LUpf9JfKp,"['blues rock', 'electric blues', 'funk', 'modern blues', 'modern blues rock', 'rock', 'soul blues', 'texas blues']",Gary Clark Jr.,713760.0,68.0
Gavin Turek,1,17czHqI0Lwj2V3htvm8afG,[],Gavin Turek,25142.0,46.0
Gesu No Kiwami Otome,11,1ieluXFoq2RRxMXZIQksTz,"['j-pop', 'j-rock']",Gesu No Kiwami Otome,271189.0,56.0
Ghost Town DJs,4,4JbmXqez7WvTggoxn3UpVT,[],Ghost Town DJs,26447.0,51.0
Ginger Root,1,4UAW69682T7N0wrABUhqx0,['oc indie'],Ginger Root,13276.0,43.0
Ginuwine,2,7r8RF1tN2A4CiGEplkp1oP,"['dance pop', 'hip hop', 'hip pop', 'neo soul', 'new jack swing', 'pop', 'r&b', 'southern hip hop', 'urban contemporary']",Ginuwine,1669528.0,69.0
Giraffage,1,4kubsO16bEfCADaVUyoYb6,"['chillwave', 'future bass', 'indie dream pop', 'vapor soul', 'vapor twitch']",Giraffage,101340.0,50.0
Gizmo,1,0uya6QELbHSc91t24xHUr1,"['dark trap', 'emo rap', 'scream rap', 'underground hip hop']",gizmo,73998.0,53.0
Gold Hippy,1,69VlNf9nmSwL4McT18y7SP,[],Gold Hippy,2699.0,35.0
Gold Panda,2,6xS3zemJD9h94iueQvGqVk,"['bass music', 'chillwave', 'electronica', 'future garage', 'indietronica', 'microhouse', 'wonky']",Gold Panda,171602.0,47.0
GoldLink,7,5XenQ7XfcvQdfIbpLEFaKQ,"['alternative r&b', 'dmv rap', 'hip hop', 'rap', 'underground hip hop']",GoldLink,665285.0,73.0
Good Times Ahead,1,6M7RdR9ZP52h2mfNLmiHtU,"['bass trap', 'brostep', 'edm', 'electro house', 'electronic trap', 'vapor twitch']",Good Times Ahead,297253.0,63.0
Gorillaz,2,3AA28KZvwAUcZuOKwyblJQ,"['alternative hip hop', 'art pop']",Gorillaz,5990603.0,83.0
Gramatik,6,179BpmLkQCRIoU68Co80f5,"['downtempo', 'jazz boom bap', 'jazztronica', 'livetronica', 'nu jazz', 'slovenian electronic', 'trip hop']",Gramatik,563147.0,62.0
Granata,1,0cVRy7Br0axIrN0GgbWkkI,[],Granata,5320.0,36.0
Grand Puba,1,6IjhOxJSTPh15KgFTSZ68K,"['alternative hip hop', 'east coast hip hop', 'hardcore hip hop', 'harlem hip hop', 'hip hop', 'turntablism']",Grand Puba,90959.0,51.0
Göksel,1,4i4ALRtQQmFxn3BCIB6iC0,"['turkish pop', 'turkish rock']",Göksel,645297.0,64.0
H.E.R.,1,3Y7RZ31TRPVadSFVy1o8os,"['pop', 'r&b']",H.E.R.,2964293.0,82.0
HEIZE,4,5dCvSnVduaFleCnyy98JMo,"['k-pop', 'korean pop', 'korean r&b']",HEIZE,549329.0,67.0
HIXTAPE,1,4SbuhLih8eWLmqFzzmM3AK,['contemporary country'],HIXTAPE,11292.0,66.0
HONNE,3,0Vw76uk7P8yVtTClWyOhac,['uk pop'],HONNE,1020516.0,74.0
Hailee Steinfeld,1,5p7f24Rk5HkUZsaS3BLG5F,"['dance pop', 'pop', 'post-teen pop']",Hailee Steinfeld,6158375.0,80.0
Halsey,1,26VFTg2z8YR0cCuwLzESi2,"['dance pop', 'electropop', 'etherpop', 'indie poptimism', 'pop', 'post-teen pop']",Halsey,12350779.0,91.0
Hayden James,2,4csQIMQm6vI2A2SCVDuM2z,"['aussietronica', 'edm', 'gauze pop', 'house', 'indie soul', 'tropical house']",Hayden James,187866.0,67.0
Heralds Of Change,1,0IzjeWBDWlNK2SYVdOyOAI,[],Heralds Of Change,905.0,25.0
Hezekiah,1,0pXt4sMs2oRnt528LTYgyd,['gospel'],Hezekiah Walker,276233.0,53.0
Hiatus Kaiyote,27,43JlwunhXm1oqdKyOa2Z9Y,"['australian r&b', 'indie soul', 'neo r&b', 'neo soul', 'shiver pop']",Hiatus Kaiyote,361541.0,57.0
Higher Brothers,1,07ZhipyrvoyNoJejeyM0PQ,['chinese hip hop'],Higher Brothers,203735.0,67.0
Homeboy Sandman,6,5s1QeAf7U5ELP9PTeLaicb,"['abstract hip hop', 'alternative hip hop', 'east coast hip hop', 'underground rap']",Homeboy Sandman,31268.0,40.0
Hot Chip,1,37uLId6Z5ZXCx19vuruvv5,"['alternative dance', 'dance-punk', 'electronica', 'electropop', 'indie pop', 'indie rock', 'indie soul', 'indietronica', 'modern rock', 'neo-synthpop', 'new rave']",Hot Chip,555767.0,64.0
House of Pharaohs,1,1ENLO9O3DimHIMbCzNpPlc,"['uk alternative hip hop', 'uk hip hop']",House of Pharaohs,12964.0,41.0
Hugh Augustine,1,48ehq0jR23nak2ZDDU6uff,[],Hugh Augustine,2655.0,44.0
Ice Cube,1,3Mcii5XWf6E0lrY3Uky4cA,"['conscious hip hop', 'g funk', 'gangster rap', 'hardcore hip hop', 'hip hop', 'rap', 'west coast rap']",Ice Cube,3908929.0,76.0
Idesia,4,2VUuRcKjZfeCQzBI1PPyL1,['neo r&b'],Idesia,5847.0,31.0
Ill Camille,1,4XPgViBvmCOxptCYxTvJo4,[],Ill Camille,6719.0,41.0
Illa J,3,72zigmOdJbIsz0iIRhCBvp,"['alternative hip hop', 'detroit hip hop', 'hip hop', 'indie soul']",Illa J,57914.0,50.0
Iman Omari,4,1ySUvbTVNE9pyhdzcDxjg4,"['alternative r&b', 'indie r&b', 'neo r&b']",Iman Omari,41147.0,56.0
Indigo la End,19,26ZBeXl5Gqr3TAv2itmyCU,"['j-pop', 'j-rock', 'japanese alternative rock', 'japanese indie pop']",Indigo la End,170891.0,60.0
Ingrid Andress,1,0jPnVIasXzBYjrlpO5irii,"['contemporary country', 'country pop']",Ingrid Andress,47903.0,65.0
Isaiah Rashad,1,6aaMZ3fcfLv4tEbmY7bjRM,"['hip hop', 'rap', 'tennessee hip hop', 'underground hip hop']",Isaiah Rashad,763862.0,69.0
Ivan Ave,5,7BxJEL8I7OoAMGyPWn1cPS,"['indie jazz', 'indie r&b', 'indie soul', 'jazz rap', 'neo r&b']",Ivan Ave,23610.0,48.0
Ivy Sole,1,4NcMrSi3B8eUVy6e1Ni3wu,"['alternative r&b', 'escape room', 'indie r&b', 'north carolina hip hop']",Ivy Sole,48921.0,49.0
J Balvin,21,1vyhD5VmyZ7KMfW5gqLgo5,"['latin', 'reggaeton', 'reggaeton colombiano']",J Balvin,22995429.0,97.0
J Dilla,2,0IVcLMMbm05VIjnzPkGCyp,"['alternative hip hop', 'detroit hip hop', 'hip hop']",J Dilla,413163.0,62.0
J-Live,1,5bb5uytW59wDF0gpv8iQbE,"['alternative hip hop', 'hardcore hip hop', 'hip hop', 'turntablism', 'underground rap']",J-Live,27041.0,50.0
J-Love,1,1gnxlAhv4TnE1Kbvcbv8QI,"['contemporary country', 'country', 'country road', 'modern country rock']",Jaron And The Long Road To Love,10294.0,49.0
J. Cole,42,6l3HvQ5sa6mXTsMTB19rO5,"['conscious hip hop', 'hip hop', 'north carolina hip hop', 'rap']",J. Cole,11828953.0,88.0
J.Robb,2,2DfpfU9DpRLC3EuWLKyy4m,[],J.Robb,10838.0,39.0
JACKBOYS,1,7A8S43ryYdbWpJKeHRZRcq,"['rap', 'trap']",JACKBOYS,314532.0,77.0
JAY-Z,1,3nFkdlSjzX9mRTtwJOzDYB,"['east coast hip hop', 'hip hop', 'pop rap', 'rap']",JAY-Z,5650262.0,87.0
JMSN,5,6HCkJzbswOIc7Qc5TJ1n5l,"['alternative r&b', 'indie soul']",JMSN,159958.0,53.0
JR & PH7,4,5zTs8RFqVY1MISB77emYoR,[],JR & PH7,5944.0,29.0
Jack Stauber,2,1vVHevk2PD45epYnDi9CCc,['pittsburgh indie'],Jack Stauber,651634.0,73.0
Jacob Banks,5,0AepkoQhYvkjEzzwIcGxdV,['uk contemporary r&b'],Jacob Banks,312391.0,66.0
Jacob Collier,1,0QWrMNukfcVOmgEU0FEDyD,"['indie soul', 'uk alternative pop']",Jacob Collier,311149.0,65.0
Jade Novah,1,7HvZ0wFF6TW2kxX8AVVY3K,['pop r&b'],Jade Novah,37212.0,42.0
Jaden,1,0xOeVMOz2fVg5BJY3N6akT,"['hip hop', 'pop', 'rap']",Jaden,1302833.0,79.0
Jaeden Camstra,14,1xOgtDBKnZvSLAgCVSOmNH,"['chillhop', 'lo-fi beats']",Jaeden Camstra,13889.0,53.0
Jai Paul,3,53wZLCnhshZKDRs3uopFBc,"['art pop', 'chillwave', 'electronica', 'indie soul']",Jai Paul,136012.0,56.0
Jaime Woods,2,6XhxJt25bNl5IMPronm8zz,['neo r&b'],Jaime Woods,8526.0,31.0
James Blake,1,53KwLdlmrlCelAZMaLVZqU,"['art pop', 'indie soul', 'uk alternative pop']",James Blake,1078110.0,74.0
James Chatburn,2,4sOcMLlr0hMwrLXScjAgoq,"['australian r&b', 'neo r&b']",James Chatburn,5006.0,45.0
James Tillman,3,4FXBouJHB0s6E3d6Q9YeSO,"['alternative r&b', 'indie jazz', 'indie r&b', 'indie soul', 'neo r&b']",James Tillman,32929.0,45.0
Jamieboy,1,7ew9ZidsT1WM5NJy568Ma9,[],Jamieboy,14320.0,30.0
Jamila Woods,1,4UodukR17NIQfNu5uaqm9B,"['afrofuturism', 'alternative r&b', 'escape room', 'indie soul']",Jamila Woods,140662.0,59.0
Janelle Monáe,8,6ueGR6SWhUJfvEhqkvMsVs,"['afrofuturism', 'alternative r&b', 'art pop', 'atl hip hop', 'dance pop', 'electropop', 'escape room', 'neo soul', 'pop', 'r&b']",Janelle Monáe,976365.0,72.0
Japanese Breakfast,3,7MoIc5s9KXolCBH1fy9kkw,"['art pop', 'indie pop', 'indie rock', 'philly indie']",Japanese Breakfast,223946.0,57.0
Jarami,3,6HqPNOo6OV9rPbEY7MP9T8,"['bolero', 'ecuadorian pop', 'folklore ecuatoriano', 'musica popular colombiana', 'ranchera']",Julio Jaramillo,405413.0,62.0
Jared Jackson,1,6xPRmN9jg4Vq3hOQkhmvDt,[],Jared Jackson,2622.0,22.0
Jarreau Vandal,1,6f96znq79wvlknKHHHhtTW,"['alternative r&b', 'chill r&b', 'dutch r&b', 'indie r&b', 'indie soul']",Jarreau Vandal,42510.0,58.0
Jay Park,8,4XDi67ZENZcbfKnvMnTYsI,"['k-pop', 'k-rap', 'korean r&b']",Jay Park,1139804.0,71.0
Jay Som,1,1wmiQ6ytATiGnJs6uFluKO,"['art pop', 'bay area indie', 'chillwave', 'indie folk', 'indie pop', 'indie rock', 'oakland indie', 'small room']",Jay Som,87858.0,54.0
Jazz Liberatorz,1,6wq0ypfSKR1Baqi4qoJWsq,"['hip hop', 'jazz rap']",Jazz Liberatorz,54639.0,44.0
Jazz Spastiks,4,49vIrnZPb9Tcc9N30t7E3S,"['chillhop', 'jazz boom bap', 'jazz rap']",Jazz Spastiks,15928.0,43.0
Jean Deaux,1,4JqpJeNOhP6bAkolNMLwFg,"['alternative r&b', 'escape room', 'indie r&b', 'indie soul']",Jean Deaux,55381.0,60.0
Jeff Bernat,1,2vVT4qoxWje0gVD2FiWZ4u,"['pop', 'popping']",Jeff Bernat,190726.0,65.0
Jelleestone,1,21EIv4m5gbtWQLA9Al9em4,[],Jelleestone,533.0,20.0
Jeru The Damaja,1,6CsOL9C9iLL0eWKINlDxzQ,"['alternative hip hop', 'east coast hip hop', 'gangster rap', 'hardcore hip hop', 'hip hop', 'rap', 'turntablism']",Jeru The Damaja,137817.0,55.0
Jess Connelly,1,1XC87A3NVlw6xDW1kIB5FN,"['pinoy indie', 'pinoy trap']",Jess Connelly,32998.0,45.0
Jesse Boykins III,1,7N3L5HZxQqxWSfhrrTNI29,"['alternative r&b', 'neo r&b', 'neo soul']",Jesse Boykins III,58867.0,51.0
Jhené Aiko,2,5ZS223C6JyBfXasXxrRqOk,"['alternative r&b', 'pop', 'r&b', 'urban contemporary']",Jhené Aiko,3710814.0,83.0
Jidenna,1,4TsHKU8l8Wq7n7OPVikirn,['ghanaian hip hop'],Jidenna,313846.0,61.0
Jodie Abacus,3,0yh6q1VddpFTvlZlC4raQp,['british soul'],Jodie Abacus,7432.0,33.0
Joe,2,6zFYqv1mOsgBRQbae3JJ9e,"['album rock', 'classic rock', 'folk rock', 'mellow gold', 'piano rock', 'rock', 'singer-songwriter', 'soft rock']",Billy Joel,2974099.0,80.0
Joey Purp,1,1ewyVtTZBqFYWIcepopRhp,"['chicago rap', 'indie hip hop', 'underground hip hop']",Joey Purp,93155.0,58.0
Johann Sebastian Bach,1,5aIqB5nVVvmFsvSdExz408,"['baroque', 'classical', 'early music', 'german baroque']",Johann Sebastian Bach,2875114.0,80.0
John OFA Rhee,2,7iWynR4oOvJpSKOAR3zazP,"['k-indie', 'korean pop']",John OFA Rhee,14787.0,41.0
Joji,5,3MZsBdqDrRTJihTHQrO6Dq,"['alternative r&b', 'viral pop']",Joji,3431853.0,91.0
Jon Connor,11,1F5zdoXcwIB9XSNfitdo7x,"['flint hip hop', 'soul flow']",Jon Connor,25472.0,47.0
Jonwayne,1,3i7IUsb5VsiJAKqX2Md9Fc,"['alternative hip hop', 'escape room', 'wonky']",Jonwayne,85004.0,51.0
Joomanji,4,1TGyEDXHDYwHNB012Otfhj,"['indie jazz', 'indie soul', 'neo r&b']",Joomanji,35125.0,46.0
Joose The Conqueror,1,3er7r6Hdg1VJzFfI4iLPzL,[],Joose The Conqueror,2095.0,28.0
Jordan Rakei,4,24icoQNJSEWNu3XvqKBR68,"['alternative r&b', 'indie jazz', 'indie r&b', 'indie soul', 'neo r&b', 'neo soul', 'soul']",Jordan Rakei,217278.0,66.0
Jorja Smith,10,1CoZyIx7UvdxT5c8UkMzHd,"['pop', 'uk contemporary r&b']",Jorja Smith,1707171.0,79.0
José González,2,6xrCU6zdcSTsG2hLrojpmI,"['gothenburg indie', 'indie folk', 'neo mellow', 'stomp and holler', 'swedish indie folk', 'swedish indie pop', 'swedish singer-songwriter']",José González,846851.0,69.0
Juice WRLD,4,4MCBfE4596Uoi2O4DtmEMz,"['chicago rap', 'melodic rap']",Juice WRLD,12685398.0,99.0
June Marieezy,3,538d30rb03lrsD9u8Yipar,"['alternative r&b', 'pinoy r&b']",June Marieezy,52288.0,45.0
Jungle,20,59oA5WbbQvomJz2BuRG071,"['indie soul', 'uk contemporary r&b']",Jungle,529529.0,67.0
Jungle Brothers,1,2iclO3rlyF0YVNE46ctYRj,"['alternative hip hop', 'east coast hip hop', 'hardcore hip hop', 'hip hop', 'hip house', 'jazz rap', 'old school hip hop', 'turntablism']",Jungle Brothers,106069.0,49.0
Justine Skye,1,0jUQSUOcM7lxVn5eVGTkzQ,"['alternative r&b', 'chill r&b', 'indie r&b', 'pop r&b', 'urban contemporary']",Justine Skye,375722.0,56.0
K.M.D.,1,6SFDSKePVqJq9sXvuxskAE,[],K.M.D.,7155.0,29.0
KAASI,3,0rCjhB7bSAgpshTquzm1I6,"['indie soul', 'vapor soul', 'vapor twitch']",KAASI,31381.0,49.0
KAMAUU,3,3IAQ6JspwRCPY06WXnaguc,['downtempo bass'],KAMAUU,26396.0,53.0
KAMI,1,7cB6KjTm98hhNE9eeyhcnF,"['dark trap', 'emo rap', 'scream rap', 'underground hip hop']",Kamiyada+,55408.0,57.0
KANA-BOON,2,3PWp9R5HvbQgxI5KBx5kVd,"['j-pop', 'j-rock']",KANA-BOON,584806.0,67.0
KAROL G,1,790FomKkXshlbRYZFtlgla,"['latin', 'latin pop', 'reggaeton', 'reggaeton colombiano']",KAROL G,12332877.0,89.0
KATIE,1,4nreGSB7QWCSeYWKpcz3pt,"['country rap', 'redneck']",Katie Noel,64406.0,58.0
KAYTRANADA,10,6qgnBH6iDM91ipVXv28OMu,"['escape room', 'indie soul', 'lgbtq+ hip hop']",KAYTRANADA,729139.0,74.0
KEYTALK,1,0nES8AwBZpeQ69oZZp47OL,"['anime rock', 'j-pop', 'j-rock', 'japanese alternative rock']",KEYTALK,133422.0,48.0
KIM DONG HAN,76,1iGenyJQdF1y4bV4GAvNmW,['k-pop'],KIM DONG HAN,91244.0,38.0
KYLE,2,4qBgvVog0wzW75IQ48mU7v,"['pop', 'pop rap', 'rap']",KYLE,924897.0,75.0
Kali Uchis,1,1U1el3k54VvEUzo3ybLPlM,"['colombian pop', 'pop']",Kali Uchis,1119800.0,79.0
Kan Sano,2,5b3ZFm6P1lpZIASMDnBDs9,"['japanese jazz fusion', 'japanese r&b']",Kan Sano,33630.0,53.0
Kanye West,22,5K4W6rqBFWDnAN6FQUkS6x,"['chicago rap', 'rap']",Kanye West,12558110.0,92.0
Kartell,4,3E4UsjXgFv2GdwshMkkJze,"['filter house', 'indie soul', 'new french touch', 'nu disco']",Kartell,31246.0,47.0
Kasbo,1,1ikID9RZZMvkuBGDWrqajq,"['edm', 'electropop', 'future bass', 'indie electropop', 'indie poptimism', 'pop edm', 'swedish electropop', 'tropical house', 'vapor soul', 'vapor twitch']",Kasbo,109633.0,63.0
Kendra Foster,1,1RhQ4EIgZsMwOi8ioA7Rbi,['p funk'],Kendra Foster,4579.0,25.0
Kendrick Lamar,31,2YZyLoL8N0Wb9xBt1NhZWg,"['conscious hip hop', 'hip hop', 'rap', 'west coast rap']",Kendrick Lamar,15610704.0,90.0
Kenichiro Nishihara,8,4en7e0KjSkfa4sfLDhTc3m,"['ambeat', 'japanese jazz fusion']",Kenichiro Nishihara,34812.0,46.0
Kev Brown,1,1Yi9MvKxq35HFHWl0nNelG,"['alternative hip hop', 'jazz boom bap']",Kev Brown,23738.0,41.0
Kevin Ross,1,5ae3MM8dgOn3QPHzqFDJlY,"['alternative r&b', 'indie r&b', 'pop r&b']",Kevin Ross,51987.0,51.0
Khai,1,0lawSNBxNgJFQYJnQzLH8c,"['indie pop', 'pop']",khai dreams,350735.0,72.0
Khalid,11,6LuN9FCkKOj5PcnpouEgny,"['alternative r&b', 'pop']",Khalid,12648227.0,93.0
Khruangbin,14,2mVVjNmdjXZZDvhgQWiakk,['neo-psychedelic'],Khruangbin,725638.0,74.0
Khüdósoul,1,1BD96imJszxv13DW89acwb,['chillhop'],Khüdósoul,2691.0,32.0
Kiana Valenciano,1,,,,,
Kids These Days,1,2A2MfAaWoDvGe0jhcZjKaY,[],Kids These Days,12508.0,33.0
Kiefer,3,5lDtfHPqWN6MG9tFywnW8J,"['indie jazz', 'indie soul', 'neo r&b']",Kiefer,48599.0,49.0
Kiiara,5,4u5smJBskI6Adzv08PuiUP,"['electropop', 'indie poptimism', 'pop', 'post-teen pop']",Kiiara,701041.0,69.0
Kiko Bun,1,7yMruV2Y0a7ib9RLj9mLQQ,"['british soul', 'uk reggae']",Kiko Bun,16353.0,60.0
Kilo Kish,3,7lsnwlX6puQ7lcpSEpJbZE,"['alternative r&b', 'art pop', 'electropop', 'escape room', 'hyperpop']",Kilo Kish,91448.0,53.0
King Geedorah,3,77AKJs9SJqxHXbPgtJPKRa,"['alternative hip hop', 'hardcore hip hop', 'hip hop']",King Geedorah,79111.0,50.0
Kings of Convenience,4,41AbNVba2ccpmcc9QtOJE7,"['bergen indie', 'melancholia', 'norwegian indie']",Kings of Convenience,544732.0,62.0
Klassy,2,6hufBPylXlty1pBAkNOPHn,[],Klassy,145.0,22.0
Kodomo,7,57BliIwnAIqKeI4dbAWwaU,['space ambient'],Kodomo,21379.0,39.0
Kool & The Gang,1,3VNITwohbvU5Wuy5PC6dsI,"['disco', 'funk', 'motown', 'post-disco', 'quiet storm', 'soul']",Kool & The Gang,1446067.0,70.0
Kooley High,1,3OQjXzDIPZLM5AytPp5mNg,"['north carolina hip hop', 'soul flow']",Kooley High,10605.0,32.0
Kris Wu,1,2lbUjuMzHkT4qIECvk2f3L,"['chinese hip hop', 'chinese idol pop']",Kris Wu,632486.0,57.0
Kwaku Asante,2,2aUr9B6iwO3eYiEHJIpB0M,"['alternative r&b', 'indie r&b', 'uk contemporary r&b']",Kwaku Asante,5596.0,40.0
Kweku Collins,2,2SPt3i9sJKS1qiMQQQr9LS,['underground hip hop'],Kweku Collins,45287.0,45.0
Kygo,5,23fqKkggKUBHNkbKtXEls4,"['edm', 'pop', 'tropical house']",Kygo,6781705.0,89.0
LION BABE,11,4VA3EAvncrTucjTmrvd4GE,"['alternative r&b', 'escape room', 'indie r&b', 'indie soul', 'neo r&b', 'neo soul']",LION BABE,173590.0,56.0
LNDN DRGS,1,65d2Cw70rLuVwEZwQpHtFW,"['boom bap', 'west coast trap']",LNDN DRGS,14481.0,44.0
LRKR,3,0yTK74zLEsMyrdVPjw3Zqi,[],LRKR,13865.0,35.0
LUCKY TAPES,1,7tyrh2CwSnilzMD8olQxcx,"['japanese alternative rock', 'japanese r&b']",LUCKY TAPES,106481.0,56.0
Ladi6,1,6zZvfMW6XSPQcIeIdjHccY,"['kiwi rock', 'polynesian pop']",Ladi6,34883.0,46.0
Lafayette Afro Rock Band,7,5EgMMveFcSL3rq87Wkyw4s,"['afrobeat', 'funk', 'jazz funk', 'soul jazz']",Lafayette Afro Rock Band,29672.0,40.0
Lando Chill,1,2TzDFGYjzVbaSEA3msOpqI,"['experimental hip hop', 'jazz rap']",Lando Chill,7152.0,34.0
Lauv,2,5JZ7CnR6gTvEMKX4g70Amv,"['pop', 'post-teen pop']",Lauv,3480719.0,87.0
Leon Bridges,1,3qnGvpP8Yth1AqSBMqON5x,"['modern blues', 'soul']",Leon Bridges,1083616.0,77.0
Les Loups,2,3U6FqAuXdKYRrGUIyv9MWa,"['filter house', 'new french touch', 'nu disco']",Les Loups,11786.0,35.0
Les Sins,2,4gSTRpmeyYppvIXuFKjfAL,['chillwave'],Les Sins,37571.0,41.0
Leven Kali,1,5YZ5AExR68U3ZblH6HcO6B,"['alternative r&b', 'indie r&b', 'indie soul', 'trap soul']",Leven Kali,104003.0,62.0
Lewis Capaldi,1,4GNC7GD6oZMSxPGyXy4MNB,"['pop', 'uk pop']",Lewis Capaldi,5292869.0,88.0
Lianne La Havas,4,2RP4pPHTXlQpDnO9LvR7Yt,"['british soul', 'indie soul', 'neo soul', 'pop soul', 'soul']",Lianne La Havas,649139.0,69.0
Lil Nas X,2,7jVv8c5Fj3E9VhNjxT4snq,"['country rap', 'lgbtq+ hip hop', 'pop rap']",Lil Nas X,3577029.0,79.0
Lil Pump,1,3wyVrVrFCkukjdVIdirGVY,"['emo rap', 'miami hip hop', 'rap', 'trap']",Lil Pump,7266742.0,77.0
Lil Wayne,1,55Aa2cqylxrFIXC767Z865,"['hip hop', 'new orleans rap', 'pop rap', 'rap', 'trap']",Lil Wayne,9620489.0,92.0
Limes,5,5o4dgimn1R07w1d2ZzpzpP,"['chillhop', 'lo-fi beats']",Limes,33486.0,56.0
Lizzo,5,56oDRnqbIiwx4mymNEv7dS,"['dance pop', 'escape room', 'minnesota hip hop', 'pop', 'pop rap', 'trap queen']",Lizzo,3232912.0,80.0
Lloyd,4,1Xfmvd48oOhEWkscWyEbh9,"['dance pop', 'hip pop', 'pop', 'pop r&b', 'pop rap', 'r&b', 'southern hip hop', 'trap', 'urban contemporary']",Lloyd,1478010.0,69.0
Loud Luxury,1,6t1gpxYbY8OlLA7D2RiikQ,"['dance pop', 'edm', 'electro house', 'pop', 'pop edm', 'tropical house']",Loud Luxury,371364.0,76.0
Louis Armstrong,1,19eLuQmk9aCobbVDHc6eek,"['adult standards', 'dixieland', 'harlem renaissance', 'jazz trumpet', 'new orleans jazz', 'swing', 'vocal jazz']",Louis Armstrong,2102940.0,74.0
Louis Rustum,3,3pIxjxF74tqQCbAyy2QMnu,['danish electropop'],Louis Rustum,3199.0,22.0
Louis The Child,4,7wg1qvie3KqDNQbAkTdbX0,"['edm', 'electropop', 'pop', 'tropical house']",Louis The Child,380394.0,74.0
LoveLeo,1,0JDVDA5aG4Y2wXylqghzC6,['modern indie pop'],LoveLeo,82355.0,60.0
Loyle Carner,3,4oDjh8wNW5vDHyFRrDYC4k,"['indie soul', 'london rap', 'uk alternative hip hop']",Loyle Carner,364922.0,69.0
Lucky Daye,1,5Vuvs6Py2JRU7WiFDVsI7J,"['alternative r&b', 'indie r&b', 'pop r&b']",Lucky Daye,152469.0,67.0
Lucy Pearl,1,0OUXTnqjvTg4iZ7Lhq6vv7,"['hip pop', 'neo soul', 'r&b', 'urban contemporary']",Lucy Pearl,105442.0,51.0
Ludwig van Beethoven,6,2wOqMjp9TyABvtHdOSOTUS,"['classical', 'classical era', 'early romantic era', 'german romanticism']",Ludwig van Beethoven,3527694.0,76.0
Luke James,1,4E7AV8mtElSjHZP3xA9kyU,"['alternative r&b', 'pop r&b']",Luke James,120334.0,50.0
Lunay,1,47MpMsUfWtgyIIBEFOr4FE,"['latin', 'latin pop', 'reggaeton', 'reggaeton flow', 'tropical']",Lunay,3169144.0,82.0
Lunice & The Jealous Guys,1,6uAcPBlZxLIzrTHuOaPqJZ,[],Lunice & The Jealous Guys,712.0,25.0
Luniz,1,3z3g65U7mmyyBmmDfsQK9x,"['g funk', 'gangster rap', 'hyphy', 'oakland hip hop', 'west coast rap']",Luniz,161713.0,63.0
Låpsley,5,27ze6hCgfr3HcDZAHY60pg,"['electropop', 'gauze pop', 'indie soul', 'vapor soul']",Låpsley,197809.0,58.0
M. T. Hadley,3,3O9qxLTLMvR9Dn1OAFoWaH,['vapor soul'],M. T. Hadley,3791.0,30.0
M.I.A.,1,0QJIPDAEDILuo8AIq3pMuU,"['dance pop', 'indietronica', 'new rave']",M.I.A.,949698.0,79.0
MED,7,0xRXCcSX89eobfrshSVdyu,"['brazilian edm', 'edm', 'electro house', 'pop house']",MEDUZA,316460.0,79.0
MEDUZA,1,0xRXCcSX89eobfrshSVdyu,"['brazilian edm', 'edm', 'electro house', 'pop house']",MEDUZA,316460.0,79.0
MF DOOM,1,2pAWfrd7WFF3XhVt9GooDL,"['alternative hip hop', 'east coast hip hop', 'hip hop', 'rap']",MF DOOM,638152.0,72.0
MISO,7,04xEkodoWyFji8icX911jM,['korean r&b'],MISO,31075.0,52.0
Mabel Matiz,25,1dpqJqIuNqideTvmxBsSku,"['karadeniz halk muzigi', 'turkish pop']",Mabel Matiz,1604170.0,62.0
Mac DeMarco,2,3Sz7ZnJQBIHsXLUSo0OQtM,['edmonton indie'],Mac DeMarco,1623419.0,76.0
Mac Miller,4,4LLpKhyESsyAXpc4laK94U,"['hip hop', 'pittsburgh rap', 'pop rap', 'rap']",Mac Miller,4914903.0,87.0
Madlib,6,5LhTec3c7dcqBvpLRWbMcf,"['alternative hip hop', 'funk', 'hip hop', 'psychedelic hip hop']",Madlib,242486.0,70.0
Magroove,1,2lQGcaLp3ezZpGB8YebPfW,['bedroom pop'],Magroove,8055.0,41.0
Mahalia,3,16rCzZOMQX7P8Kmn5YKexI,"['alternative r&b', 'indie anthem-folk', 'indie r&b', 'indie soul', 'pop', 'uk contemporary r&b']",Mahalia,459453.0,71.0
Manwolves,1,6RCI4WXRwG9jnRHZgzBYFr,['bedroom soul'],Manwolves,36438.0,48.0
Marc E. Bassy,2,3tQx1LPXbsYjE9VwN1Peaa,"['pop', 'pop r&b', 'pop rap', 'rap']",Marc E. Bassy,326771.0,73.0
Marco Polo,1,3FQVWA8Owd6lje2nMg1qcl,['boom bap'],Marco Polo,9253.0,43.0
Marcos Valle,1,5I0EPnV9gwrZYTbScjnaOk,"['bossa nova', 'brazilian boogie', 'mpb']",Marcos Valle,53785.0,55.0
Marian Hill,1,1xHQO9GJIW9OXHxGBISYc5,"['electropop', 'indie poptimism']",Marian Hill,427958.0,64.0
Mario,3,20s0P9QLxGqKuCsGwFsp7w,"['dance pop', 'hip pop', 'pop', 'pop r&b', 'r&b', 'rap', 'urban contemporary']",Mario,1984464.0,71.0
Mark Redito,4,5yKJAwjLJltKwd5xHyjX4u,['future bass'],Mark Redito,8840.0,32.0
Mark Ronson,2,3hv9jJF3adDNsBSIQDqcjp,"['dance pop', 'neo soul', 'pop']",Mark Ronson,847590.0,79.0
Maroon 5,1,04gDigrS5kc9YWfZHwBETP,"['pop', 'pop rock']",Maroon 5,27236947.0,90.0
Mars Today,1,60jVpPkp3hgECctyeE9gWH,['neo r&b'],Mars Today,8738.0,37.0
Marshmello,3,64KEffDW9EtZ1y2vBYgq8T,"['brostep', 'pop', 'progressive electro house']",Marshmello,27141128.0,91.0
Mary J. Blige,13,1XkoF8ryArs86LZvFOkbyr,"['dance pop', 'hip pop', 'neo soul', 'pop', 'r&b', 'urban contemporary']",Mary J. Blige,2428536.0,75.0
Masego,23,3ycxRkcZ67ALN3GQJ57Vig,"['alternative r&b', 'indie soul']",Masego,674888.0,74.0
Matt Martians,2,7ycsWk9ae4pTAlWH8j6Hf9,"['alternative r&b', 'indie r&b']",Matt Martians,59055.0,41.0
Maurice Ravel,2,17hR0sYHpx7VYTMRfFUOmY,"['classical', 'impressionism', 'neoclassicism', 'post-romantic era']",Maurice Ravel,324353.0,64.0
Maxwell,1,2AOt5htsbtyaHd5Eq3kl3j,"['dance pop', 'funk', 'hip pop', 'neo soul', 'new jack swing', 'quiet storm', 'r&b', 'soul', 'urban contemporary']",Maxwell,1086214.0,62.0
Maxwell Young,4,5HONdRTLNvBjlD2LirKp0q,['chillhop'],Maxwell Young,14067.0,50.0
McClenney,2,44drVL4jbdo6T6llD5cMgx,"['alternative r&b', 'chill r&b', 'indie r&b', 'indie soul', 'neo r&b']",McClenney,37603.0,49.0
Medasin,1,62vbsDRAq0qHdezaCOzB0T,"['edm', 'electronic trap', 'future bass', 'vapor soul', 'vapor twitch']",Medasin,84351.0,66.0
Meek Mill,4,20sxb77xiYeusSH8cVdatc,"['hip hop', 'philly rap', 'pop rap', 'rap', 'southern hip hop', 'trap']",Meek Mill,4475409.0,82.0
Mello Music Group,1,3c5J6hzTBZJVsjJ9FJoQ0V,['underground rap'],Mello Music Group,13631.0,33.0
Mellow Fellow,1,4evVEvE5p9WsdXQKBPmAxT,['indie garage rock'],Mellow Fellow,97486.0,53.0
Melodiesinfonie,1,3YndyZk8nVLJKspIBo0nLd,"['chillhop', 'indie jazz', 'indie soul', 'jazz boom bap']",Melodiesinfonie,19480.0,53.0
Michael Jackson,1,3fMbdgg4jU18AjLCKBhRSm,"['pop', 'r&b', 'soul']",Michael Jackson,15999844.0,85.0
Michael Kiwanuka,3,0bzfPKdbXL5ezYW2z3UGQj,"['british soul', 'funk', 'neo soul', 'psychedelic soul', 'soul']",Michael Kiwanuka,915097.0,72.0
Migos,32,6oMuImdp5ZcFhWP0ESe6mG,"['atl hip hop', 'hip hop', 'pop rap', 'rap', 'trap']",Migos,10850510.0,84.0
Miguel,11,360IAlyVv4PCEVjgyMZrxK,"['dance pop', 'pop', 'pop rap', 'r&b', 'urban contemporary']",Miguel,3025564.0,81.0
Miles Davis,2,0kbYTNQb4Pb1rPbbaF0pT4,"['bebop', 'contemporary post-bop', 'cool jazz', 'hard bop', 'jazz', 'jazz fusion', 'jazz trumpet']",Miles Davis,1919117.0,67.0
Milo,1,3Pkn59A7kZmnBHp7HBUcz5,[],Milo Manheim,90042.0,64.0
Miracle,7,4rXABp4A7KjG9elWFNAbO4,['meditation'],Miracle Tones,16835.0,75.0
Mitski,8,2uYWxilOVlUdk4oV9DvwqK,"['art pop', 'brooklyn indie', 'indie pop', 'indie rock']",Mitski,363028.0,71.0
Mizan K,1,65RJIgxb7uYgeQVKacbp82,[],Mizan K,2984.0,21.0
Mk.gee,2,7tr9pbgNEKtG0GQTKe08Tz,"['indie r&b', 'indie soul', 'vapor soul']",Mk.gee,43511.0,56.0
Mndsgn,1,4GcpBLY8g8NrmimWbssM26,"['abstract beats', 'alternative hip hop', 'chillhop', 'future bass', 'indie jazz', 'indie soul', 'synth funk', 'vapor twitch', 'wonky']",Mndsgn,98774.0,53.0
Mondo Grosso,23,4d2zOuYJHBPJTpVblHEKJb,"['japanese jazztronica', 'japanese r&b', 'shibuya-kei']",Mondo Grosso,79723.0,47.0
Monster Rally & Jay Stone,2,59qed35tegaz6XugAH97au,[],Monster Rally & Jay Stone,237.0,27.0
Monte Booker,3,4p75GTNEXwsAAkpweMVtKo,['viral rap'],Monte Booker,82091.0,62.0
Moods,3,14uVJsPC4DByeuD0cq36ez,"['chillhop', 'indie soul', 'vapor twitch']",Moods,33563.0,57.0
Moodymann,1,6pohviZSNRueSX7uNu63ZX,"['chicago house', 'deep house', 'detroit house', 'detroit techno', 'electronica', 'float house', 'indie jazz', 'indie soul', 'microhouse', 'tech house', 'techno']",Moodymann,101344.0,54.0
Moon Boots,1,3cIXmCH7iNcslTbwrwS7zy,"['deep house', 'edm', 'filter house', 'house', 'indie soul', 'nu disco']",Moon Boots,72957.0,56.0
Moonchild,1,1VgjAK52kjkQJQQRhTn02t,"['indie r&b', 'indie soul', 'neo r&b']",Moonchild,144560.0,56.0
Mos Def,3,0Mz5XE0kb1GBnbLQm2VbcO,"['alternative hip hop', 'conscious hip hop', 'east coast hip hop', 'gangster rap', 'hardcore hip hop', 'hip hop', 'rap', 'southern hip hop']",Mos Def,933305.0,67.0
Mr Hudson,1,1zV9UjTUevjp5VUddqIUUn,[],Mr Hudson,21138.0,60.0
Mr Jukes,1,1y71H4hNtnHG7LeU1Y47FO,"['british soul', 'indie soul']",Mr Jukes,45254.0,46.0
Mr. Carmack,6,4OHaWpWPKDcZgOOUn9elFn,"['electronic trap', 'future bass', 'vapor twitch']",Mr. Carmack,73712.0,49.0
Ms. Lauryn Hill,6,2Mu5NfyYm8n5iTomuKAEHl,"['conscious hip hop', 'dance pop', 'hip pop', 'neo soul', 'new jersey rap', 'r&b', 'urban contemporary']",Ms. Lauryn Hill,1607589.0,72.0
Mt. Joy,1,69tiO1fG8VWduDl3ji2qhI,"['indie folk', 'indie rock', 'modern rock', 'stomp and holler']",Mt. Joy,175420.0,69.0
Mtbrd,3,6vXJ4kIg2HlqsSfX3S1RHV,['chillhop'],Mtbrd,13920.0,44.0
Mura Masa,16,5Q81rlcTFh3k6DQJXPdsot,"['channel islands indie', 'edm', 'vapor soul']",Mura Masa,545502.0,70.0
Musiq Soulchild,3,3UVRliakQfa1pMWIsNuiZ8,"['dance pop', 'hip pop', 'neo soul', 'new jack swing', 'pop', 'quiet storm', 'r&b', 'urban contemporary']",Musiq Soulchild,800505.0,62.0
Mustard,1,0YinUQ50QDB7ZxSCLyQ40k,"['cali rap', 'hip hop', 'pop rap', 'rap', 'southern hip hop', 'trap']",Mustard,757358.0,82.0
Myke Bogan,1,5BLrsIX3Uipmt9QAiZGYEl,"['portland hip hop', 'underground hip hop']",Myke Bogan,16925.0,43.0
MØ,1,4oUHIQIBe0LHzYfvXNW4QM,"['contemporary country', 'deep talent show']",Morgan Wallen,890855.0,85.0
N.E.R.D,8,5wPoxI5si3eJsYYwyXV4Wi,"['hip hop', 'virginia hip hop']",N.E.R.D,607140.0,63.0
NAV,2,7rkW85dBwwrJtlHRDkJDAC,"['canadian hip hop', 'melodic rap', 'pop rap', 'rap', 'toronto rap', 'trap']",NAV,2198308.0,88.0
NEIL FRANCES,4,587PA35pRGL1JwQr6idJbb,"['indie soul', 'vapor soul']",NEIL FRANCES,42365.0,62.0
NF,1,6fOMl44jA4Sp5b9PpYCkzz,"['hip hop', 'pop rap', 'rap']",NF,4300335.0,86.0
NIKI,2,2kxP07DLgs4xlWz8YHlvfh,"['indonesian r&b', 'pop']",NIKI,607384.0,78.0
NLE Choppa,1,0ErzCpIMyLcjPiwT4elrtZ,['memphis hip hop'],NLE Choppa,2273260.0,84.0
Name UL,1,4FJ0TYqGMHOXE9nIcZLAHv,['nz hip hop'],Name UL,2535.0,29.0
Nao,1,2Zi3RrdQqk63Xj0914STkS,['vapor pop'],Naomi Scott,250014.0,69.0
Nas,3,20qISvAhX20dpIbOOzGK3q,"['conscious hip hop', 'east coast hip hop', 'gangster rap', 'hardcore hip hop', 'hip hop', 'queens hip hop', 'rap']",Nas,2087215.0,78.0
Natalie Imbruglia,1,0dlOr0VIysztGWvU1dpjmP,"['dance pop', 'europop', 'lilith', 'new wave pop', 'pop rock']",Natalie Imbruglia,596317.0,67.0
Nathan Bajar,1,0daIfyaenO89T2oFsr2vqc,['brooklyn indie'],Nathan Bajar,1818.0,20.0
Naughty Boy,9,1bT7m67vi78r2oqvxrP3X5,"['tropical house', 'uk contemporary r&b']",Naughty Boy,287846.0,65.0
Neguim Beats,4,6GgLM2qNPZilgFLyBZHHMF,['brazilian experimental'],Neguim Beats,1523.0,17.0
Nehruviandoom,2,0ZWQOiDsRVjQXoSljCxraD,['alternative hip hop'],Nehruviandoom,31945.0,35.0
Neon Indian,1,0KydPQPUUoTNhmiHKOg5Er,"['alternative dance', 'chillwave', 'dance-punk', 'denton tx indie', 'indie pop', 'indietronica', 'neo-synthpop', 'new rave', 'nu gaze', 'shimmer pop']",Neon Indian,280806.0,53.0
Nia Sultana,2,1L8An7RfJbMW7zBy2fE0Tz,"['alternative r&b', 'chill r&b', 'indie r&b']",Nia Sultana,5624.0,40.0
Nick Hakim,1,1Goe2NezNnym45kco2xTk6,"['alternative r&b', 'indie jazz', 'indie r&b', 'indie soul', 'neo r&b']",Nick Hakim,111148.0,55.0
Nick Leng,2,2fR4D8OveDTHMvCvm7paAO,['vapor soul'],Nick Leng,17757.0,53.0
Nickelus F,1,68DGxDpMWfSsPJEjT4wQnW,"['soul flow', 'underground hip hop', 'virginia hip hop']",Nickelus F,17326.0,39.0
Nicola Cruz,18,0OltT51j3hIkgaDJqqPzDn,"['ecuadorian indie', 'ethnotronica', 'latintronica', 'organic electronic']",Nicola Cruz,234553.0,61.0
Niki & The Dove,2,4hiLNlqr4vQdiuo1aQKSXS,"['electropop', 'indietronica', 'metropopolis', 'swedish electropop', 'swedish indie pop', 'swedish synthpop']",Niki & The Dove,72346.0,49.0
Niko Is,1,7Ci28o541njEn2byuNfjfs,['florida rap'],Niko Is,5799.0,34.0
Nil Karaibrahimgil,2,1PpRPZXSS5ka7m5NW2TO7q,"['turkish folk', 'turkish jazz', 'turkish pop', 'turkish singer-songwriter']",Nil Karaibrahimgil,515418.0,60.0
Nio Garcia,2,5hdhHgpxyniooUiQVaPxQ0,"['latin', 'reggaeton', 'reggaeton flow']",Nio Garcia,1346518.0,83.0
Nipsey Hussle,1,0EeQBlQJFiAfJeVN2vT9s0,"['conscious hip hop', 'gangster rap', 'hip hop', 'pop rap', 'rap', 'southern hip hop', 'trap']",Nipsey Hussle,1710711.0,76.0
No Rome,2,6auWB5YAlcKaHyrbTH66nd,"['indie pop', 'indietronica']",No Rome,133477.0,59.0
Noname,2,1EpyA68dKpjf7jXmQL88Hy,"['alternative r&b', 'chicago rap', 'escape room', 'hip hop', 'indie r&b', 'indie soul', 'neo soul', 'rap', 'underground hip hop']",Noname,491691.0,64.0
Nosaj Thing,4,0IVapwlnM3dEOiMsHXsghT,"['bass music', 'chillwave', 'electronica', 'glitch hop', 'microhouse', 'ninja', 'wonky']",Nosaj Thing,170860.0,53.0
NxWorries,5,6PEMFpe3PTOksdV4ZXUpbE,"['hip hop', 'indie soul']",NxWorries,173927.0,59.0
ODESZA,3,21mKp7DqtSNHhCAU2ugvUw,"['chillwave', 'ninja']",ODESZA,1216419.0,75.0
ODIE,1,5aMIbwZQvP2MHPMVC5zCGj,"['alternative r&b', 'indie r&b', 'trap soul']",ODIE,111193.0,62.0
Octave Minds,7,3t5CzAvVZ7ruA3Uv3QvUrt,[],Octave Minds,5205.0,29.0
October London,1,1eNO1DUCOtZgCzlwtjtb1t,['neo r&b'],October London,7952.0,33.0
Oddisee,139,72tRiBHei5G9M8it4h4sfC,"['alternative hip hop', 'dmv rap', 'hip hop', 'sudanese pop']",Oddisee,182698.0,55.0
Offset,1,4DdkRBBYG6Yk9Ka8tdJ9BW,"['atl hip hop', 'hip hop', 'pop rap', 'rap', 'southern hip hop', 'trap']",Offset,1741890.0,84.0
Oh No,1,5PA6iCCOkq14PpMWWlhJ5T,"['alternative hip hop', 'wonky']",Oh No,39001.0,49.0
Olukara,1,24rWEwje2NmxaT6EKbv6uG,[],Olukara,829.0,28.0
Omar Apollo,2,5FxD8fkQZ6KcsSYupDVoSO,"['alternative r&b', 'bedroom pop', 'bedroom soul', 'indie pop', 'indie r&b', 'pop']",Omar Apollo,306430.0,71.0
Omarion,1,0f5nVCcR06GX8Qikz0COtT,"['dance pop', 'hip pop', 'pop', 'pop r&b', 'r&b', 'rap', 'southern hip hop', 'urban contemporary']",Omarion,1846151.0,67.0
Onra,3,2sAlo7Fey5cqBk5WJILSd8,"['chillhop', 'japanese chillhop', 'wonky']",Onra,110619.0,52.0
Osunlade,1,4mHngi71hWNKTRuyl3W9FY,"['afro house', 'broken beat', 'chicago house', 'deep house', 'minimal tech house', 'vocal house']",Osunlade,33465.0,46.0
Otis Junior,1,3JWTfcIZq4OUdC6oBunofK,['neo r&b'],Otis Junior,11658.0,44.0
OutKast,1,1G9G7WwrXka3Z1r7aIDjI7,"['atl hip hop', 'dirty south rap', 'hip hop', 'rap', 'southern hip hop']",OutKast,1459670.0,78.0
Owen Thiele x Zack Sekoff,1,3HtzVA7P6FAoqOSfvdVYC4,[],Owen Thiele x Zack Sekoff,1420.0,17.0
P-Money,5,6WjX4pepHwXa85B9KMk0PY,"['grime', 'uk alternative hip hop', 'uk hip hop']",P Money,101819.0,57.0
PJ Morton,2,2FMOHE79X98yptp4RpPrt7,"['gospel', 'indie r&b', 'indie soul', 'neo soul', 'r&b', 'urban contemporary']",PJ Morton,110709.0,61.0
POLKADOT STINGRAY,2,5zV9afUO4DVqJeRaZvfNev,"['anime rock', 'idol rock', 'j-pixie', 'j-pop', 'j-rock', 'japanese alternative rock']",POLKADOT STINGRAY,207193.0,58.0
PREP,1,31SBgHxc8eqZUk9MdveH42,['alternative r&b'],PREP,121917.0,57.0
Panama,3,3W9UldYu0xJcaOAw2SUTDI,"['australian indie', 'chillwave', 'indie poptimism', 'shimmer pop', 'vapor soul']",Panama,98455.0,63.0
Parcels,16,3oKRxpszQKUjjaHz388fVA,"['aussietronica', 'indie soul']",Parcels,334248.0,67.0
Paris Jones,2,1buXx0RSkvGYCCiAl03JIp,[],Paris Jones,4128.0,32.0
Pastor T.L. Barrett,1,66l6SXrWHLjXFHfv202kdA,"['gospel soul', 'spirituals', 'traditional soul']",Pastor T.L. Barrett and the Youth for Christ Choir,11506.0,42.0
Pat Lok,1,3ZPRZDAAuBrvx1tsIjeFxh,"['filter house', 'indie r&b', 'indie soul', 'nu disco']",Pat Lok,22602.0,45.0
Patrick Paige II,1,3rTMj1pmRvXBfzAEIk9XX9,[],Patrick Paige II,11935.0,40.0
Pellican Child,2,5fpA7YzdL7jf0eCzus9imp,[],Pellican Child,2040.0,23.0
Pentatonix,10,26AHtbjWKiwYzsoGoUZq53,['a cappella'],Pentatonix,2766943.0,74.0
Penthouse Penthouse,1,5UfeYtslz7DT0hvVnkCEjB,[],Penthouse Penthouse,4873.0,31.0
People Under The Stairs,5,0av074qUwLn5eyzwqoq3xh,"['alternative hip hop', 'hip hop', 'jazz rap', 'turntablism']",People Under The Stairs,131332.0,55.0
Pharoahe Monch,1,5DKuVtlpDH0agZQUFDy8O7,"['alternative hip hop', 'conscious hip hop', 'east coast hip hop', 'hardcore hip hop', 'hip hop', 'queens hip hop']",Pharoahe Monch,152809.0,57.0
Pharrell Williams,13,2RdwBSPQiwcmiDo9kixcl8,"['pop', 'pop rap']",Pharrell Williams,3295182.0,83.0
Phoenix,19,1xU878Z1QtBldR7ru9owdU,"['alternative dance', 'dance-punk', 'indie pop', 'indie rock', 'modern rock', 'new rave', 'rock independant francais']",Phoenix,1621047.0,69.0
Phonte,1,5SyCTZ8X8YQCI0J1VRp4iC,"['alternative hip hop', 'hip hop', 'indie r&b', 'neo r&b', 'neo soul', 'north carolina hip hop', 'soul flow']",Phonte,61611.0,52.0
Phony Ppl,1,0oBsnAC3fzYkTHF3bkfNx6,"['alternative r&b', 'indie r&b', 'indie soul']",Phony Ppl,172915.0,59.0
Photay,3,1MSxOmIt7uYgvPydd1tU8F,"['chillwave', 'electronica', 'future bass', 'indie jazz', 'vapor soul', 'wonky']",Photay,42628.0,49.0
Phum Viphurit,1,5mqguTgtaoCMNMZD6txCh6,['bedroom pop'],Phum Viphurit,302432.0,60.0
Pia Mia,1,1BhWF9W2PngtPSyobKg0rP,"['dance pop', 'pop', 'pop r&b', 'post-teen pop', 'r&b', 'social media pop', 'urban contemporary']",Pia Mia,1263166.0,68.0
Plage 84,4,7dwoKc64TML5mj1uPvPL6A,[],Plage 84,1832.0,18.0
Playboi Carti,1,699OTQXzgjhIYAHMy9RyPD,"['atl hip hop', 'hip hop', 'rap', 'trap', 'underground hip hop']",Playboi Carti,4000071.0,82.0
Point Point,2,5Vp7LqcfAtx2U1RfIX8i7r,"['anthem emo', 'pop punk']",Point North,44751.0,61.0
Pomo,2,6YtlR8MLfO6azxwOKAvEi3,"['canadian electronic', 'new french touch']",Pomo,34135.0,49.0
Pool Cosby,2,7zrfybpJUeRLpyPY9DoDt7,[],Pool Cosby,5383.0,35.0
Portugal. The Man,1,4kI8Ie27vjvonwaB2ePh8T,"['indie pop', 'indie rock', 'modern alternative rock', 'modern rock', 'rock']",Portugal. The Man,1143123.0,72.0
Post Malone,23,246dkjvS1zLTtiykXe5h60,"['dfw rap', 'melodic rap', 'rap']",Post Malone,28635202.0,94.0
Prince,1,5a2EaR3hamoenG9rDuVn8j,"['funk', 'funk rock', 'minneapolis sound', 'motown', 'synth funk']",Prince,4745050.0,77.0
Psymun,5,5gVgcz9X3QcrcrrDXR56NP,"['experimental hip hop', 'minnesota hip hop']",Psymun,11418.0,36.0
Pyotr Ilyich Tchaikovsky,4,3MKCzCnpzw3TjUYs2v7vDA,"['classical', 'late romantic era', 'russian romanticism']",Pyotr Ilyich Tchaikovsky,794560.0,71.0
Quality Control,1,6i392l38cR3uBPF0DbNs7S,"['hip hop', 'melodic rap', 'pop rap', 'rap', 'southern hip hop', 'trap']",Quality Control,663161.0,75.0
Quentin Miller,2,6po19E0R9xffrgzrg84TC9,"['atl hip hop', 'trap soul', 'underground hip hop']",Quentin Miller,29189.0,50.0
REI AMI,2,6U1dV7aL68N7Gb0Naq34V5,['modern indie pop'],REI AMI,57663.0,68.0
RIMON,1,4DtUsfaVQBhypuwYmobdSm,"['alternative r&b', 'chill r&b', 'dutch r&b', 'indie r&b', 'indie soul']",RIMON,55400.0,54.0
RKCB,1,4QDvXnbmw1znkqkK1119Fc,"['alternative r&b', 'electropop', 'indie electropop', 'indie poptimism', 'vapor soul', 'vapor twitch']",RKCB,93725.0,60.0
ROLE MODEL,1,1dy5WNgIKQU6ezkpZs4y8z,"['bedroom pop', 'indie cafe pop', 'indie pop', 'indie r&b', 'pop']",ROLE MODEL,156373.0,69.0
Rae Sremmurd,3,7iZtZyCzp3LItcw1wtPI3D,"['hip hop', 'melodic rap', 'mississippi hip hop', 'pop rap', 'rap', 'southern hip hop', 'trap']",Rae Sremmurd,6086478.0,78.0
Raekwon,2,2yQf6b8hxahZaT5dHlWaB1,"['alternative hip hop', 'east coast hip hop', 'gangster rap', 'hardcore hip hop', 'hip hop', 'rap', 'southern hip hop']",Raekwon,389158.0,66.0
Rakim,1,6jHG1YQkqgojdEzerwvrVv,"['alternative hip hop', 'bboy', 'east coast hip hop', 'electro', 'gangster rap', 'hardcore hip hop', 'hip hop', 'old school hip hop', 'rap', 'turntablism']",Eric B. & Rakim,412057.0,57.0
Raleigh Ritchie,1,0IB0VjX9NSrGX6PjCXGVcq,['uk contemporary r&b'],Raleigh Ritchie,188209.0,56.0
Raphael Saadiq,1,6g0Wah2YFtb1rFgKhUktlo,"['funk', 'hip hop', 'neo soul', 'r&b', 'soul', 'urban contemporary']",Raphael Saadiq,398154.0,60.0
Rapper Big Pooh,1,1pt1kuxHmYnFaAQS6t3q6k,"['alternative hip hop', 'north carolina hip hop', 'soul flow']",Rapper Big Pooh,29082.0,36.0
Ras G,1,3IEvQoAohcGX7CdrbtIle7,"['latin', 'latin hip hop', 'perreo', 'reggaeton', 'reggaeton flow', 'salsa choke', 'tropical']",Baby Rasta & Gringo,1835343.0,64.0
Rationale,9,2IQDM5URYGYfSMmwhTCmyy,['uk contemporary r&b'],Rationale,69388.0,58.0
Raury,10,2PU4qFehXQF7WnlFsJpBiJ,['psychedelic hip hop'],Raury,171948.0,60.0
Ray Barretto,1,2h4ndKS2vRWeFLpq8ARu0D,"['boogaloo', 'latin jazz', 'salsa', 'salsa international', 'tropical']",Ray Barretto,105921.0,53.0
Rayana Jay,2,1kh0AypxF3CxMMzmQyif2S,"['alternative r&b', 'indie r&b', 'indie soul']",Rayana Jay,54018.0,49.0
Re:plus,4,6ftHlqrtNdAq0bWL7zkaTG,"['ambeat', 'japanese jazz fusion']",re:plus,24075.0,46.0
Reddy,1,0Sq7oGrYEe0BDmb13wgjOO,"['adult standards', 'brill building pop', 'bubblegum pop', 'classic uk pop', 'folk', 'mellow gold', 'soft rock']",Helen Reddy,158737.0,57.0
Redline Graffiti,1,4csEpRnp3PEklf5AHVLzfl,[],Redline Graffiti,2663.0,25.0
Reflection Eternal,3,6vwJ3e6KaQAhLEpBPxCMBC,"['alternative hip hop', 'hardcore hip hop', 'hip hop']",Reflection Eternal,39894.0,41.0
Rejjie Snow,3,3lLHpTOJ11tWiUNGYN14gt,"['hip hop', 'irish hip hop', 'rap']",Rejjie Snow,267864.0,69.0
Reva DeVito,1,00jACgDWIBdPM4eH8nORwz,['portland hip hop'],Reva DeVito,5274.0,43.0
Revolutionary Rhythm,1,5d0FKWSfoD6MNcoevKzaV4,['jazz rap'],Revolutionary Rhythm,2267.0,34.0
Rex Orange County,1,7pbDxGE6nQSZVfiFdq9lOL,"['bedroom pop', 'pop']",Rex Orange County,2435576.0,81.0
Rhymefest,2,1SUFqa4aXxvMrGdOnqiMmR,"['alternative hip hop', 'chicago rap']",Rhymefest,10479.0,37.0
Rich Brian,2,2IDLDx25HU1nQMKde4n61a,['indonesian hip hop'],Rich Brian,1623783.0,76.0
Rick Ross,1,1sBkRIssrMs1AbVkOJbc7a,"['dirty south rap', 'gangster rap', 'hip hop', 'pop rap', 'rap', 'southern hip hop', 'trap']",Rick Ross,4301191.0,83.0
Ricky Montgomery,1,0ZUvK7zGdXLd78mQr3t1Tw,"['indie pop', 'la indie', 'modern rock']",Ricky Montgomery,107876.0,69.0
Rihanna,1,5pKCCKE2ajJHZ9KAiaK11H,"['barbadian pop', 'dance pop', 'pop', 'post-teen pop', 'r&b', 'urban contemporary']",Rihanna,39390296.0,91.0
Rina Sawayama,1,2KEqzdPS7M5YwGmiuPTdr5,"['art pop', 'dance pop', 'electropop', 'escape room', 'hyperpop', 'pop']",Rina Sawayama,302515.0,67.0
River Tiber,1,1FHDMgGdmIP4IsoFkAwbS0,['alternative r&b'],River Tiber,35547.0,51.0
Robert Glasper,3,5cM1PvItlR21WUyBnsdMcn,"['alternative r&b', 'contemporary jazz', 'indie jazz', 'indie r&b', 'indie soul', 'modern jazz piano', 'neo soul']",Robert Glasper,259467.0,63.0
Robyn,1,6UE7nl9mha6s8z0wFQFIZ2,"['art pop', 'dance pop', 'electropop', 'europop', 'pop', 'pop rock', 'scandipop', 'swedish electropop', 'swedish pop']",Robyn,679235.0,69.0
Roddy Ricch,1,757aE44tKEUQEqRuT6GnEB,"['melodic rap', 'rap', 'trap']",Roddy Ricch,4440280.0,92.0
Roman GianArthur,3,7hgRzsQGjlm1zifNoigyB9,[],Roman GianArthur,16150.0,52.0
Romare,5,6d1HqiWNEKV9zFqQM9WeYo,"['deep house', 'electronica', 'indie jazz', 'indie soul', 'ninja', 'nu jazz', 'soul', 'south african alternative']",Romare,106182.0,58.0
Ron Gilmore,2,1kqUcOydtZPzh0M7f7KfY9,[],Ron Gilmore,1918.0,19.0
Roy Ayers Ubiquity,1,3WbeZvDk1COiO2dEokZqn7,"['funk', 'jazz funk', 'soul', 'soul jazz']",Roy Ayers Ubiquity,69775.0,53.0
Roy Woods,2,7mDU6nMUJnOSY2Hkjz5oqM,"['canadian hip hop', 'pop rap', 'trap', 'trap soul']",Roy Woods,704952.0,71.0
Rozwell,1,3g43Z25cVRJHFn8ph8cdO0,"['indie punk', 'west virginia indie']",Rozwell Kid,18443.0,37.0
Rudimental,1,4WN5naL3ofxrVBgFpguzKo,"['dance pop', 'edm', 'liquid funk', 'pop', 'tropical house', 'uk dance', 'uk funky']",Rudimental,1210424.0,76.0
Run The Jewels,13,4RnBFZRiMLRyZy0AzzTg2C,"['escape room', 'hip hop', 'political hip hop']",Run The Jewels,798412.0,70.0
Rvdical the Kid,1,4eu9GW8WwzF6n6fb34COES,['african electronic'],Rvdical the Kid,1532.0,31.0
Ryu☆,1,1tcgfoMTT1szjUeaikxRjA,"['anime score', 'compositional ambient', 'japanese classical', 'japanese soundtrack']",Ryuichi Sakamoto,435543.0,62.0
RÜFÜS DU SOL,2,5Pb27ujIyYb33zBqVysBkj,"['australian electropop', 'edm', 'indietronica', 'tropical house']",RÜFÜS DU SOL,663921.0,72.0
SAINt JHN,1,0H39MdGGX6dbnnQPt6NQkZ,"['melodic rap', 'pop rap', 'rap']",SAINt JHN,517384.0,85.0
SATICA,1,1cD70wZHi8HMyLYVDSV9We,[],SATICA,14872.0,47.0
SBTRKT,4,1O10apSOoAPjOu6UhUNmeI,"['electronica', 'future garage', 'indie soul', 'new rave']",SBTRKT,585278.0,57.0
SG Lewis,2,0GG2cWaonE4JPrjcCCQ1EG,"['alternative r&b', 'edm', 'electropop', 'indie soul', 'pop', 'tropical house', 'vapor soul']",SG Lewis,206772.0,71.0
SOSUPERSAM,1,4L19iTew1pVdPfpRZbeEIi,['neo r&b'],SOSUPERSAM,6161.0,19.0
SOTA,1,4qm5iZIIGQHyLEmkT54HLD,[],SOTA,241.0,26.0
SRNO,1,0Kwf0zcciIFGLCKiqNcO6Q,['dutch trap pop'],SRNO,13371.0,69.0
SZA,1,7tYKF4w9nC0nq9CsPZTHyP,"['pop', 'pop rap', 'rap']",SZA,3747633.0,84.0
Saba,2,7Hjbimq43OgxaBRpFXic4x,"['alternative r&b', 'chicago rap', 'hip hop', 'rap', 'underground hip hop']",Saba,393547.0,70.0
Saje,2,3I2596dGk4K3e4qKjwpzQb,"['new french touch', 'vapor soul']",Saje,17599.0,41.0
Salaam Remi,2,0rlS0SzVFk8BoiAW0fGBbN,['hip hop'],Salaam Remi,16930.0,66.0
Salt-N-Pepa,2,7wqtxqI3eo7Gn1P7SpP6cQ,"['dance pop', 'girl group', 'hip hop', 'hip house', 'hip pop', 'old school hip hop', 'pop', 'queens hip hop', 'rap']",Salt-N-Pepa,480742.0,64.0
Sam Feldt,1,20gsENnposVs2I4rQ5kvrf,"['dance pop', 'edm', 'electro house', 'pop', 'pop edm', 'tropical house']",Sam Feldt,555899.0,81.0
Sam Gellaitry,1,07UJz804RJxqNvxFXC3h9H,"['electronic trap', 'future bass', 'scottish electronic', 'vapor twitch']",Sam Gellaitry,69185.0,46.0
Sam Rui,1,3GFO1X5LAHduvR314sXnqI,['singaporean pop'],Sam Rui,13231.0,40.0
Sam Smith,22,2wY79sveU1sp5g7SokKOiI,"['pop', 'post-teen pop', 'uk pop']",Sam Smith,14017431.0,90.0
Samm Henshaw,8,1Q2mS59tFYLm2KGFoCgWN4,"['british soul', 'uk contemporary r&b']",Samm Henshaw,162097.0,59.0
Sampa the Great,1,7fw0E8WHdG3r9SuPBcGmWk,"['australian hip hop', 'conscious hip hop', 'escape room', 'indie soul', 'zambian hip hop']",Sampa the Great,152193.0,57.0
Sampha,6,2WoVwexZuODvclzULjPQtm,"['alternative r&b', 'indie soul']",Sampha,460024.0,67.0
Sango,1,7e3FtKBIPLrIVm8g1FJMVg,"['abstract beats', 'alternative r&b', 'escape room', 'indie r&b', 'indie soul', 'vapor twitch']",Sango,149990.0,59.0
Savon,1,1Z4kMiUwBM1dkoO6TyXXhn,['lo-fi house'],Savon,4008.0,34.0
ScHoolboy Q,3,5IcR3N7QB1j6KBL8eImZ8m,"['gangster rap', 'hip hop', 'pop rap', 'rap', 'southern hip hop', 'trap', 'underground hip hop']",ScHoolboy Q,3352826.0,79.0
Sergei Rachmaninoff,6,0Kekt6CKSo0m5mivKcoH51,"['classical', 'post-romantic era', 'russian romanticism', 'ukrainian classical']",Sergei Rachmaninoff,402645.0,65.0
Sex on Toast,3,7w6CFgYRRBheH4QOpa7xzI,['australian r&b'],Sex on Toast,10961.0,39.0
Shafiq Husayn,1,0XzVyZOZF7FIsQ7VbBZ9Yy,"['broken beat', 'indie jazz', 'neo r&b', 'psychedelic soul']",Shafiq Husayn,16303.0,39.0
Shanaz Dorsett,3,5Fe6NAp8J07lnWU8WoVdym,['neo r&b'],Shanaz Dorsett,1757.0,12.0
Shawn Mendes,1,7n2wHs1TKAczGzO7Dd2rGr,"['canadian pop', 'dance pop', 'pop', 'post-teen pop', 'viral pop']",Shawn Mendes,29327220.0,90.0
Shin Rizumu,1,0KZ7Lk1c6rpp0nwvY9EuD4,['japanese city pop'],Shin Rizumu,8737.0,32.0
Shlohmo,2,6y80I9YZi4DOpbaSUlL725,"['bass music', 'chillwave', 'downtempo', 'electronica', 'future bass', 'glitch', 'vapor twitch', 'wonky']",Shlohmo,211431.0,59.0
Shoffy,1,4wO0kHiOwf8l9VMJJN9HmG,"['alternative r&b', 'chill pop', 'electropop', 'indie cafe pop', 'indie poptimism', 'la pop', 'pop', 'tropical house']",Shoffy,84909.0,64.0
Shy Luv,1,3atb7ypZHaRM3INhuD1v4s,[],Shy Luv,5544.0,28.0
Shye Ben Tzur,13,2UCzkuXiE37VD7K123J4Tf,"['rajasthani folk', 'sufi', 'world fusion']",Shye Ben Tzur,12979.0,40.0
Sia,1,5WUlDfRSoLAfcVSX1WnrxN,"['australian dance', 'australian pop', 'dance pop', 'pop']",Sia,17519634.0,89.0
Silk City,1,2X97ZAqRKRMYFIDqtvGgGc,['edm'],Silk City,67648.0,65.0
Sinead Harnett,3,6tUJpYN2aYiXbzAcg0pIOo,"['alternative r&b', 'gauze pop', 'indie r&b', 'indie soul', 'uk contemporary r&b']",Sinead Harnett,264971.0,66.0
Skee-Lo,18,55Pp4Ns5VfTSFsBraW7MQy,"['hip hop', 'rap', 'west coast rap']",Skee-Lo,41370.0,55.0
Skepta,1,2p1fiYHYiXz9qi0JJyxBzN,"['birmingham grime', 'grime', 'instrumental grime', 'rap']",Skepta,822924.0,78.0
Slime,2,09XX4vGibhdivyKlxP8MRf,['atl trap'],Slimelife Shawty,9000.0,47.0
Slow Magic,2,3htNAy3vYWWYV8RZFeyRMT,"['chillwave', 'future bass', 'gauze pop', 'indie dream pop', 'vapor soul', 'vapor twitch']",Slow Magic,108959.0,51.0
Slum Village,1,1020a42xVklY6c56imNcaa,"['alternative hip hop', 'detroit hip hop', 'hip hop', 'indie soul', 'neo soul']",Slum Village,193669.0,59.0
Sly5thAve,1,15zxwAfOdT7WmQeFWPJtKi,['indie jazz'],Sly5thAve,19822.0,44.0
Snakehips,2,2FwJwEswyIUAljqgjNSHgP,"['edm', 'electropop', 'pop', 'tropical house']",Snakehips,321590.0,70.0
Snarky Puppy,2,7ENzCHnmJUr20nUjoZ0zZ1,"['contemporary jazz', 'funk rock', 'jazz funk', 'jazz fusion', 'progressive jazz fusion']",Snarky Puppy,459905.0,56.0
Snoop Dogg,5,7hJcb9fa4alzcOq3EaNPoG,"['g funk', 'gangster rap', 'hip hop', 'rap', 'west coast rap']",Snoop Dogg,6228964.0,86.0
Sobs,1,2gj35CRyiuvuJ5VzjkX52i,['singaporean indie'],Sobs,16932.0,37.0
Solange,6,2auiVi8sUZo17dLy1HwrTU,"['afrofuturism', 'alternative r&b', 'dance pop', 'electropop', 'escape room', 'hip pop', 'indie soul', 'neo soul', 'pop', 'pop rap', 'r&b', 'urban contemporary']",Solange,1203288.0,68.0
Son Little,1,4lujUKeO6nQAJXpq37Epn7,"['funk', 'soul']",Son Little,93584.0,58.0
Sonder,1,2ICR2m4hOBPhaYiZB3rnLW,"['alternative r&b', 'trap soul']",Sonder,167966.0,61.0
Sonny Fodera,1,39B7ChWwrWDs7zXlsu3MoP,"['deep groove house', 'deep house', 'disco house', 'house', 'tropical house', 'uk dance']",Sonny Fodera,84701.0,68.0
Sorceress,3,3pLONU8rw6ww4igMa2RREh,"['indie jazz', 'nz electronic']",Sorceress,2071.0,22.0
Sota,1,4qm5iZIIGQHyLEmkT54HLD,[],SOTA,241.0,26.0
SoulChef,10,7rdiGVXL2fFyONexHzfKFS,"['ambeat', 'chillhop']",SoulChef,34615.0,56.0
Souls Of Mischief,3,5Rzqmz1zAszembFHGZQuAt,"['alternative hip hop', 'hardcore hip hop', 'hip hop', 'jazz rap', 'turntablism']",Souls Of Mischief,167364.0,58.0
Spazzkid,4,1qmmiqE1glIyPbXg5sZ92f,['future bass'],Spazzkid,24472.0,30.0
Spek Won,1,7Iz3HsCbPf1VadwH6HtcQg,[],Spek Won,1731.0,19.0
Spycc,8,35AcTLN4eMdtdgNVJIIuoN,['nz hip hop'],Spycc,1295.0,26.0
Stardust,10,1XcbmsczGDkYqrqIy8K89H,[],Stardust Vibes,4984.0,61.0
StayLoose,6,6kyUfziWP8ydAsKzyXsC83,"['electropop', 'future bass', 'pop edm', 'vapor twitch']",StayLoose,18019.0,54.0
Steve Aoki,1,77AiFEVeAVj2ORpC85QVJs,"['big room', 'dance pop', 'edm', 'electro house', 'tropical house']",Steve Aoki,3451298.0,80.0
Steve Lacy,4,57vWImR43h4CaDao012Ofp,"['afrofuturism', 'rap']",Steve Lacy,446235.0,74.0
Still Woozy,32,4iMO20EPodreIaEl8qW66y,"['bedroom pop', 'indie pop', 'indie r&b', 'modern rock', 'oakland indie', 'pop']",Still Woozy,511280.0,75.0
Stimulator Jones,1,7uuvPwRD3I1UHDPNnbaY6C,['synth funk'],Stimulator Jones,10585.0,38.0
Strange Fruit Project,5,5sU2ovyukWzzvQw3Jo1SI9,"['alternative hip hop', 'jazz rap']",Strange Fruit Project,22022.0,33.0
Stray Kids,34,2dIgFjalVxs4ThymZ67YCE,"['k-pop', 'k-pop boy group']",Stray Kids,3003713.0,83.0
Stro Elliot,1,35mEzAsFbM7OOTzFyjTgeU,['jazz rap'],Stro Elliot,8617.0,41.0
Strong Arm Steady,3,2DbpanduRLSrGiYjQkOrna,['alternative hip hop'],Strong Arm Steady,11486.0,32.0
Subculture Sage,1,5HZXZ01UBUXhMpdei2vULP,['uk alternative hip hop'],Subculture Sage,21925.0,44.0
Substantial,1,5FmThJ74ycmeBdQnu4Cfcw,['ambeat'],Substantial,16418.0,52.0
Summer Walker,1,57LYzLEk2LcFghVwuWbcuS,['pop'],Summer Walker,1665521.0,83.0
Swell,7,78xSB1R1x8T6o0QuRaodez,['japanese chillhop'],Swell,47692.0,61.0
Swindle,1,6hJtgCB3L5cnJSND7sp6GU,"['deep disco house', 'deep house', 'disco house', 'float house', 'house', 'indie soul', 'minimal tech house']",Detroit Swindle,58425.0,52.0
SwuM,2,2Fc1UZXKRmPpWWx1sxcb9m,"['chillhop', 'lo-fi beats']",SwuM,58308.0,65.0
Sylvan LaCue,1,0JuDxOwz1e3Wx05t8e3AT3,"['miami hip hop', 'underground hip hop']",Sylvan LaCue,62937.0,47.0
Szymon,3,4hSeosKw3pr72gC10igZow,['folktronica'],Szymon,10445.0,40.0
T-Pain,1,3aQeKQSyrW4qWr35idm0cy,"['dance pop', 'hip hop', 'pop', 'pop rap', 'r&b', 'rap', 'southern hip hop', 'trap', 'urban contemporary']",T-Pain,2894250.0,82.0
TALA,1,74CcYmmNeHKe5PrZaISk8e,"['alternative r&b', 'indie r&b', 'indie soul']",Hope Tala,36541.0,54.0
TOKYO’S REVENGE,1,5TbLOwv8BNnik3f03NZJlt,"['meme rap', 'underground hip hop', 'vapor trap', 'viral rap']",TOKYO’S REVENGE,179365.0,71.0
TOKiMONSTA,16,3VwKSHAfgzV1DOHV0aANCI,"['chillwave', 'electra', 'escape room', 'future bass', 'indie soul', 'vapor soul', 'vapor twitch', 'wonky']",TOKiMONSTA,239879.0,60.0
TRACE,1,79FMDwzZQxHgSkIYBl3ODU,"['contemporary country', 'country', 'country road', 'modern country rock', 'redneck']",Trace Adkins,1669931.0,66.0
TT Grace,1,174fMDtkjlEdRIF9gXZcHc,['swedish rockabilly'],TT Grace,4474.0,38.0
Ta-ku,3,13Kd75NSHSp9lB4CaqPMOV,"['alternative r&b', 'ambeat', 'indie soul', 'vapor soul', 'vapor twitch']",Ta-ku,206813.0,59.0
Takeoff,1,3EW0kQ1skZiK1NHg3Spt9J,"['atl hip hop', 'rap', 'southern hip hop', 'trap', 'vapor trap']",Takeoff,1006644.0,69.0
Takuya Kuroda,6,4DbVGBurfbrdLW2ZwfwdmP,"['indie jazz', 'indie soul', 'japanese jazz']",Takuya Kuroda,78816.0,49.0
Talib Kweli,2,0lEssBAxQl2In4RpaB1C2Y,"['alternative hip hop', 'conscious hip hop', 'east coast hip hop', 'hardcore hip hop', 'hip hop', 'southern hip hop']",Talib Kweli,416753.0,60.0
Tank and The Bangas,1,5cAtakaadWHJLxmGKrKcX7,['new orleans funk'],Tank and The Bangas,144857.0,50.0
Tanya Morgan,1,1s8WiPtSSuQmJPGBwFTwFG,"['alternative hip hop', 'soul flow']",Tanya Morgan,8631.0,40.0
Taylor McFerrin,5,0yLmsf6RBPYqm6hvFJCPg6,"['indie jazz', 'indie soul', 'neo r&b', 'wonky']",Taylor McFerrin,47977.0,46.0
Teedra Moses,2,6vfR5QRc3xca0KvpG8KZBE,"['alternative r&b', 'hip pop', 'neo soul', 'r&b', 'urban contemporary']",Teedra Moses,120227.0,54.0
Tennyson,24,3Nb8N20WChM0swo5qWTvm8,"['edmonton indie', 'future bass', 'vapor twitch']",Tennyson,64286.0,48.0
Terrace Martin,8,7MNEVabc4cs19CbzAFZmXz,"['alternative hip hop', 'alternative r&b', 'hip hop', 'indie jazz', 'indie r&b', 'indie soul', 'neo soul']",Terrace Martin,65641.0,62.0
Terrace Martin Presents The Pollyseeds,1,5FX9U5mxQwpO3TXF0OGadm,['neo r&b'],Terrace Martin Presents The Pollyseeds,12030.0,36.0
Terrell Hines,1,2jhjHaG1p2SMn6cDyhwhjQ,['modern alternative pop'],Terrell Hines,3279.0,45.0
Teyana Taylor,1,4ULO7IGI3M2bo0Ap7B9h8a,"['alternative r&b', 'dance pop', 'hip pop', 'indie r&b', 'neo soul', 'pop', 'pop r&b', 'pop rap', 'r&b', 'urban contemporary']",Teyana Taylor,928833.0,72.0
Thane,2,38PNgzU7Hidbq0q3UUvSQZ,[],Thane!,84.0,32.0
The 1975,2,3mIj9lX2MWuHmhNCA7LSCW,"['indie pop', 'modern alternative rock', 'modern rock', 'nu gaze', 'pop', 'rock']",The 1975,4416846.0,82.0
The 49ers,3,1WWJxH3nMA5AoEnghYv1ij,"['ambeat', 'jazz rap']",The 49ers,5829.0,32.0
The Age of L.U.N.A,1,5yAqULyufEDkH8oBRuFfYF,['neo r&b'],The Age of L.U.N.A,7078.0,28.0
The Bonfyre,1,4oIGrMYn1N1xPNYVXcaEZJ,['pop r&b'],The Bonfyre,14315.0,47.0
The Celestics,1,1cVZHFjAXj1VUxzEhmcpB1,[],The Celestics,3729.0,26.0
The Chainsmokers,7,69GGBxA162lTqCwzJG5jLp,"['dance pop', 'edm', 'electropop', 'pop', 'tropical house']",The Chainsmokers,16811583.0,86.0
The Foreign Exchange,23,60R4M19QBXvs0gO4IL6CpS,"['alternative hip hop', 'hip hop', 'neo r&b', 'neo soul', 'north carolina hip hop']",The Foreign Exchange,77355.0,43.0
The Globetroddas,3,48zuJ05tvMBU1QpCA1aiDf,['jazz rap'],The Globetroddas,4031.0,26.0
The Hics,2,2XHJ36WzMJKpDk6fLl6lMo,['alternative r&b'],The Hics,22115.0,43.0
The Honeysticks,1,2BL3PP6aTKJ1jqbRgfQa71,"['indie pop', 'la indie']",The Honeysticks,80121.0,54.0
The Internet,5,7GN9PivdemQRKjDt4z5Zv8,"['alternative r&b', 'escape room', 'indie soul', 'lgbtq+ hip hop']",The Internet,857018.0,66.0
The Japanese House,3,3IunaFjvNKj98JW89JYv9u,"['art pop', 'electropop', 'indie pop', 'indie poptimism', 'indietronica', 'modern dream pop', 'vapor soul']",The Japanese House,413445.0,67.0
The Knocks,2,2x7EATekOPhFGRx3syMGEC,"['alternative dance', 'edm', 'indie pop', 'indie poptimism', 'new french touch', 'nu disco', 'pop', 'tropical house', 'vapor soul']",The Knocks,141210.0,67.0
"The Last Artful, Dodgr",1,6jpOOrGFSWdHx6leHfU54n,['portland hip hop'],"The Last Artful, Dodgr",10851.0,49.0
The Lox,1,0A7g2YbCA9FlyZvAG6VmKP,"['east coast hip hop', 'gangster rap', 'hardcore hip hop', 'hip hop', 'hip pop', 'pop rap', 'rap', 'southern hip hop']",The LOX,295251.0,60.0
The Maine,1,4o0pNHbyj36LPvukNqEug0,"['emo', 'modern alternative rock', 'modern rock', 'neo mellow', 'neon pop punk', 'pop emo', 'pop punk', 'pop rock', 'post-teen pop', 'tempe indie']",The Maine,457378.0,62.0
The Notorious B.I.G.,21,5me0Irg2ANcsgc93uaYrpb,"['east coast hip hop', 'gangster rap', 'hardcore hip hop', 'hip hop', 'rap']",The Notorious B.I.G.,5550062.0,81.0
The Pharcyde,4,7yk35uHNQclPXFGFoTU44w,"['alternative hip hop', 'hardcore hip hop', 'hip hop', 'jazz rap', 'rap', 'west coast rap']",The Pharcyde,417686.0,63.0
The Physics,1,6DBPiY29Re2ne1npE68FMf,[],The Physics,4490.0,27.0
The Procussions,2,05FiSO3cAdb65CQ2soSaE3,['jazz rap'],The Procussions,9644.0,35.0
The Quiett,1,2qI1pO64eYqGUiv1XTw4cy,"['k-rap', 'korean r&b', 'korean trap']",The Quiett,50870.0,52.0
The Roots,7,78xUyw6FkVZrRAtziFdtdu,"['alternative hip hop', 'conscious hip hop', 'east coast hip hop', 'hardcore hip hop', 'hip hop', 'neo soul', 'philly rap', 'political hip hop', 'southern hip hop']",The Roots,953595.0,65.0
The Seshen,7,2rkxM3pdssb12wllaVcYSC,[],The Seshen,10084.0,32.0
The Seventh,3,75c3TOrBX0IkcuGVGNybJl,[],The Seventh,1200.0,20.0
The Weeknd,3,1Xyo4u8uXC1ZmMpatF05PJ,"['canadian contemporary r&b', 'canadian pop', 'pop']",The Weeknd,24856896.0,96.0
The World Famous Tony Williams,2,,,,,
Theophilus London,3,4EMtGVFvfCSrEmWaGV0roE,['alternative hip hop'],Theophilus London,129155.0,59.0
Thestand4rd,1,5UgGWJ0LpDer5DJWTuWgBw,[],Thestand4rd,10167.0,28.0
Throttle,1,6mPZJXtFVaakznkRxdgWtC,[],Throttle,58637.0,63.0
Thundercat,1,4frXpPxQQZwbCu3eTGnZEw,"['afrofuturism', 'hip hop']",Thundercat,589416.0,73.0
TiRon & Ayomari,1,5w4jm6oj9XguE2zaCEfd3S,['soul flow'],TiRon & Ayomari,11900.0,33.0
Tiffany Gouché,1,2IEnjZsVDEPKUTxNinyqba,[],Tiffany Gouché,23261.0,51.0
Tish Hyman,1,6WzffCtFJ1iDsAwEV35h6K,[],Tish Hyman,11272.0,42.0
Tiësto,4,2o5jDhtHVPhrJdv3cEQ99Z,"['big room', 'brostep', 'dance pop', 'dutch edm', 'edm', 'electro house', 'house', 'pop', 'trance', 'tropical house']",Tiësto,5131564.0,83.0
Tom Misch,16,1uiEZYehlNivdK3iQyAbye,"['indie soul', 'jazz pop']",Tom Misch,750062.0,75.0
Tones and I,1,2NjfBq1NflQcKSeiDooVjY,"['australian pop', 'pop']",Tones And I,2168165.0,83.0
Topaz Jones,1,76bAuLD5jMIT1YDJ84KB8l,"['new jersey rap', 'underground hip hop']",Topaz Jones,43188.0,51.0
Tora,11,7KGI0OwY8iAL5rI5p47YyK,"['alternative r&b', 'indie soul', 'vapor soul']",Tora,68044.0,56.0
Toro y Moi,46,6O4EGCCb6DoIiR6B1QCQgp,"['alternative dance', 'chillwave', 'indie pop', 'indie soul', 'indietronica', 'new rave', 'nu gaze']",Toro y Moi,541545.0,69.0
Traphik,1,5U2lfvIO5ECSgv7wyDDY1y,['asian american hip hop'],Traphik,11046.0,31.0
Travis Scott,6,0Y5tJX1MQlPlqiwlOH1tJY,['rap'],Travis Scott,12993002.0,96.0
Tree,1,6TLwD7HPWuiOzvXEa3oCNe,['alternative hip hop'],Oliver Tree,1004642.0,77.0
Trinix,2,3HqP3nd8WI0VfHRhApPlan,"['bass trap', 'new french touch', 'tropical house']",Trinix,44183.0,60.0
Tru Heru,2,0vZPnViZ1Xz1XLRbzvdwid,[],Tru Heru,7605.0,19.0
Truth Trill,1,2XHdOGNKn0WzZo6NaTSOty,[],Truth Trill,442.0,13.0
Tuxedo,11,0CCqHvxGgfjJzwzQzmPlEr,"['indie soul', 'popping', 'synth funk']",Tuxedo,88032.0,51.0
Twelve'len,2,0G57ms4DD5dn6wXwuFOLdO,['miami hip hop'],Twelve'len,9241.0,53.0
Twista,3,6vbY3hOaCAhC7VjucswgdS,"['chicago rap', 'dance pop', 'dirty south rap', 'gangster rap', 'hip hop', 'pop rap', 'r&b', 'rap', 'trap', 'urban contemporary']",Twista,637176.0,71.0
Two Another,4,35RvGPQ1OxbEZknWyiaAcs,"['alternative r&b', 'indie r&b', 'indie soul', 'vapor soul']",Two Another,50730.0,60.0
Tycho,14,5oOhM2DFWab8XhSdQiITry,"['chillwave', 'downtempo', 'indietronica', 'intelligent dance music']",Tycho,579808.0,65.0
Tyga,2,5LHRHt1k9lMyONurDHEdrp,"['dance pop', 'hip hop', 'pop rap', 'rap', 'trap']",Tyga,5935364.0,89.0
"Tyler, The Creator",3,4V8LLVI7PbaPR0K2TGSxFF,"['hip hop', 'rap']","Tyler, The Creator",5156529.0,85.0
Unknown Mortal Orchestra,16,1LeVJ5GPeYDOVUjxx1y7Rp,"['chillwave', 'indie pop', 'indie rock', 'indie soul', 'kiwi rock', 'neo-psychedelic', 'new rave', 'portland hip hop', 'psychedelic pop']",Unknown Mortal Orchestra,588159.0,68.0
Unwrapped,3,16yvMxTCkxg6Jqe43TXDFe,[],Unwrapped,8975.0,38.0
Urban Zakapa,1,1dOMFM5wDNsENQQW0nl0K8,"['k-indie', 'k-pop', 'korean pop']",Urban Zakapa,115654.0,56.0
Usher,2,23zg3TcAtWQy7J6upgbUnj,"['atl hip hop', 'dance pop', 'pop', 'r&b', 'south carolina hip hop', 'urban contemporary']",Usher,8085219.0,84.0
VRITRA,1,2p13eHCal7qrUX1r0Hb7T7,['baton rouge rap'],VRITRA,10938.0,38.0
Valleyz,1,2D0u6nyYzRpoDvJe6sOBXu,[],Valleyz,2199.0,42.0
VanJess,4,0Ek89uaJyo6NfWK22awFvI,"['alternative r&b', 'indie r&b']",VanJess,85841.0,59.0
Varnish La Piscine,1,17o6H1EQGD90TQxJ4pErIU,['swiss hip hop'],Varnish La Piscine,7149.0,41.0
Vic Mensa,6,27w1NoOLMX7tJMYqcetPyG,"['chicago rap', 'conscious hip hop', 'deep underground hip hop', 'hip hop', 'pop rap', 'rap', 'southern hip hop', 'trap', 'underground hip hop']",VIC MENSA,531671.0,68.0
Vince Staples,1,68kEuyFKyqrdQQLLsmiatm,"['conscious hip hop', 'escape room', 'hip hop', 'rap', 'southern hip hop', 'underground hip hop']",Vince Staples,1194803.0,73.0
Vulfpeck,1,7pXu47GoqSYRajmBCjxdD6,"['ann arbor indie', 'funk rock', 'instrumental funk']",Vulfpeck,565644.0,66.0
WATCH THE DUCK,1,5pHc8cGF3alNcHJUx7bcaq,['alternative r&b'],WATCH THE DUCK,18305.0,47.0
WEDNESDAY CAMPANELLA,3,0bp9CvkjQYhUJvWRHjFRWI,"['j-dance', 'japanese electropop']",WEDNESDAY CAMPANELLA,125376.0,46.0
Warren G,3,2B4ZHz4QDWJTXPFPgO5peE,"['g funk', 'gangster rap', 'hardcore hip hop', 'hip hop', 'rap', 'west coast rap']",Warren G,1323133.0,69.0
Washed Out,8,5juOkIIy18sFw9L30syt1Z,"['alternative dance', 'chillwave', 'indie pop', 'indie rock', 'indietronica', 'neo-synthpop', 'new rave', 'nu gaze', 'shimmer pop']",Washed Out,401010.0,63.0
Wayne Snow,1,4f44GWlEQdXaWl8gQ9sPBC,"['indie jazz', 'indie soul']",Wayne Snow,13275.0,49.0
Westside Connection,10,3zNM2tRfTX6LI1lN2PlrTt,"['g funk', 'gangster rap', 'hardcore hip hop', 'hip hop', 'rap', 'southern hip hop', 'west coast rap']",Westside Connection,763668.0,61.0
Wild Prxfits,1,2eViKTz18imuoWCCxVFo48,[],Wild Prxfits,691.0,26.0
Wildcookie,1,2nkfPQ3HP5UyDHqy1hSbgG,[],Wildcookie,6470.0,34.0
Wiz Khalifa,1,137W8MRPWKqSmrBGDBFSop,"['hip hop', 'pittsburgh rap', 'pop rap', 'rap', 'southern hip hop', 'trap']",Wiz Khalifa,9398697.0,88.0
Wolfgang Amadeus Mozart,2,4NJhFmfw43RLBLjQvxDuRS,"['classical', 'classical era']",Wolfgang Amadeus Mozart,3688222.0,79.0
Woo Park,14,0kS1oLtVdBidgH2aKloRKR,['k-pop'],PARK WOO JIN,96992.0,43.0
Wu-Tang Clan,1,34EP7KEpOjXcM2TCat1ISk,"['east coast hip hop', 'gangster rap', 'hardcore hip hop', 'hip hop', 'rap']",Wu-Tang Clan,1816627.0,71.0
Wun Two,16,69cjjIQEN8M6heOBT2SqZE,"['chillhop', 'lo-fi beats']",Wun Two,62013.0,66.0
Xavier Omär,2,3UjPnt2nRmw10N58bBeNOg,"['alternative r&b', 'indie r&b', 'indie soul', 'pop r&b', 'trap soul']",Xavier Omär,235788.0,62.0
YEAR OF THE OX,3,614kirduDphBL5NZebU3Zi,['asian american hip hop'],YEAR OF THE OX,16736.0,36.0
YGTUT,1,5rOkxO8Va1CnXhF7nrHMrU,"['indie hip hop', 'tennessee hip hop', 'underground hip hop']",YGTUT,23460.0,47.0
Yaeji,1,2RqrWplViWHSGLzlhmDcbt,"['art pop', 'electropop', 'escape room', 'experimental house']",Yaeji,252894.0,60.0
Yancey Boys,5,6poDCHAO9nvG3TB7Nzn1WD,[],Yancey Boys,4164.0,29.0
Yasuko Agawa,1,5kk6wMgDfumWGwd0GDvvk2,['japanese city pop'],Yasuko Agawa,3754.0,34.0
Yeek,1,5BhFZpE8kUGZJiKOsYjLQM,"['alternative r&b', 'indie r&b']",Yeek,133995.0,62.0
Yellow Days,1,3dv4Q4q3LWOnbLJnC6GgTY,['bedroom pop'],Yellow Days,363398.0,65.0
Yerin Baek,2,6dhfy4ByARPJdPtMyrUYJK,"['k-indie', 'k-pop', 'korean pop']",Yerin Baek,159011.0,63.0
Yo Gotti,1,6Ha4aES39QiVjR0L2lwuwq,"['dirty south rap', 'gangster rap', 'hip hop', 'memphis hip hop', 'pop rap', 'rap', 'southern hip hop', 'tennessee hip hop', 'trap']",Yo Gotti,3037979.0,76.0
Young Money,8,5OrB6Jhhrl9y2PK0pSV4VP,"['dirty south rap', 'gangster rap', 'hip hop', 'pop rap', 'rap', 'southern hip hop', 'trap']",Young Money,1790794.0,68.0
Young Thug,3,50co4Is1HCEo8bhOyUWKpn,"['atl hip hop', 'atl trap', 'gangster rap', 'melodic rap', 'pop rap', 'rap', 'trap']",Young Thug,5588374.0,93.0
Your Old Droog,1,20dRvQDfCTLJU0pgq13ZYp,"['alternative hip hop', 'boom bap', 'underground hip hop']",Your Old Droog,34143.0,44.0
Yuna,56,3kHVioJpVxlazAAKQ64pC1,"['alternative r&b', 'malaysian pop']",Yuna,364963.0,64.0
Yuno,1,36BjLtXEXIifbRrfc1Rtqa,"['gamecore', 'jacksonville indie']",Yuno,38558.0,53.0
Zacari,3,3qBKjEOanahMxlRojwCzhI,['gqom'],Zacari,60447.0,69.0
Zak Abel,2,6Gk5hoM7eW8NSCYhICMDHw,['uk contemporary r&b'],Zak Abel,117886.0,72.0
Zico,1,4XpUIb8uuNlIWVKmgKZXC0,"['k-pop', 'k-rap', 'korean pop', 'korean r&b']",ZICO,792971.0,68.0
Zion.T,2,5HenzRvMtSrgtvU16XAoby,"['k-indie', 'k-pop', 'k-rap', 'korean pop', 'korean r&b']",Zion.T,382085.0,61.0
alt-J,2,3XHO7cRUPCLOr6jwp8vsx5,"['indie rock', 'modern rock']",alt-J,2655966.0,75.0
benny blanco,1,5CiGnKThu5ctn9pBxv7DGa,"['pop', 'pop rap']",benny blanco,637733.0,77.0
blackwave.,1,0nvdwVbj7NT1WL9P8JowLD,['belgian hip hop'],blackwave.,34087.0,52.0
bülow,1,5vBrKGOjN10BMwB0cJADj4,"['electropop', 'indie cafe pop', 'indie poptimism', 'indietronica', 'pop', 'social media pop']",bülow,274809.0,67.0
cehryl,1,0bBrsS9ufPAmeFQgDNG54O,"['bedroom soul', 'indie r&b']",cehryl,17206.0,44.0
dvsn,1,7e1ICztHM2Sc4JNLxeMXYl,"['alternative r&b', 'canadian contemporary r&b', 'indie r&b', 'pop', 'pop r&b', 'r&b', 'trap soul', 'urban contemporary']",dvsn,830084.0,69.0
frederic,2,7y97mc3bZRFXzT2szRM4L4,"['classical', 'early romantic era', 'polish classical']",Frédéric Chopin,2149529.0,77.0
glue70,2,3AsWxxZTFPoCFxM1s8Lg1J,['future funk'],glue70,30489.0,51.0
half•alive,6,7sOR7gk6XUlGnxj3p9F54k,"['indie pop', 'modern alternative rock', 'modern rock', 'rock']",half•alive,400886.0,66.0
iSHi,1,1aH4cFjhwX38lpWRtgnkHf,[],Emoji Ishi,19.0,42.0
jhfly,38,7D6kLgvRHr6DNDavc0LhvI,"['chillhop', 'lo-fi beats']",jhfly,17646.0,60.0
kevatta,1,0IkEumFM5jr2xUgcS9XZNz,[],kevatta,2762.0,39.0
lophiile,2,5g5eVr2vAQnd12Q1XCJD7R,[],lophiile,12391.0,49.0
mxmtoon,1,0HthCchcL0kVLHTr113Vk1,"['bedroom pop', 'indie pop', 'pop']",mxmtoon,1027123.0,76.0
slenderbodies,1,3S4d3YRNGg2OhnNm3QvfhA,"['indie poptimism', 'modern rock', 'vapor soul']",slenderbodies,109495.0,60.0
starRo,1,2kvBsTdtEvwUGOaSDDiKZg,['j-rap'],starRo,17324.0,36.0
swim good now,6,0nfObbo5nqn9iWe0cy7Zvt,['canadian indie'],swim good now,2154.0,32.0
tobi lou,1,4T8NIfZmVY6TJFqVzN6X49,"['alternative r&b', 'chicago rap', 'pop', 'pop rap']",tobi lou,218170.0,68.0
weird inside,1,4iylWAhvTVtSVhIeAoM7Bl,"['chillhop', 'future bass', 'lo-fi beats', 'vapor twitch']",weird inside,33212.0,53.0
¿Téo?,1,27mFvqQj8KpjmdKIqcw1mG,"['social media pop', 'trap']",Ayo & Teo,666482.0,69.0
ØZI,2,7Icsejk4pdIhkq2KO5A0jD,['taiwan hip hop'],ØZI,64488.0,56.0
İkiye On Kala,1,1HsQw7SuwmxSH4r2aqF9DB,"['turkish pop', 'turkish rock', 'turkish trap pop']",İkiye On Kala,414911.0,67.0
박혜진 park hye jin,1,6niigcazB2JPcpasZfZvq1,[],박혜진 Park Hye Jin,41319.0,55.0
